INSERT INTO pack(name, price, version, id) VALUES ('Pack Intuition Plus', '500', '0', '0');
INSERT INTO car_option(version, name ,id) VALUES ('0', 'metaalkleur','1');
INSERT INTO pack_car_options(pack_id, car_options_id) VALUES ('0', '1');
INSERT INTO car_option(version, name ,id) VALUES ('0', 'elektronische klimaatregeling','2');
INSERT INTO pack_car_options(pack_id, car_options_id) VALUES ('0', '2');
INSERT INTO car_option(version, name ,id) VALUES ('0', 'GPS met SD-kaart','3');
INSERT INTO pack_car_options(pack_id, car_options_id) VALUES ('0', '3');
INSERT INTO car_option(version, name ,id) VALUES ('0', '"alu velgen 10 spaken 16"""','4');
INSERT INTO pack_car_options(pack_id, car_options_id) VALUES ('0', '4');
INSERT INTO car_option(version, name ,id) VALUES ('0', 'Acoustic Parking System achteraan','5');
INSERT INTO pack_car_options(pack_id, car_options_id) VALUES ('0', '5');
INSERT INTO car_option(version, name ,id) VALUES ('0', 'Audi Music Interface','6');
INSERT INTO pack_car_options(pack_id, car_options_id) VALUES ('0', '6');
INSERT INTO car_option(version, name ,id) VALUES ('0', 'Bluetooth connectie','7');
INSERT INTO pack_car_options(pack_id, car_options_id) VALUES ('0', '7');
INSERT INTO car_option(version, name ,id) VALUES ('0', 'multifunctiestuur ','8');
INSERT INTO pack_car_options(pack_id, car_options_id) VALUES ('0', '8');
INSERT INTO car_option(version, name ,id) VALUES ('0', 'boordcomputer ','9');
INSERT INTO pack_car_options(pack_id, car_options_id) VALUES ('0', '9');
INSERT INTO car_option(version, name ,id) VALUES ('0', 'ABS','10');
INSERT INTO pack_car_options(pack_id, car_options_id) VALUES ('0', '10');
INSERT INTO car_option(version, name ,id) VALUES ('0', 'ESC tractiecontrole','11');
INSERT INTO pack_car_options(pack_id, car_options_id) VALUES ('0', '11');
INSERT INTO car_option(version, name ,id) VALUES ('0', '7 airbags','12');
INSERT INTO pack_car_options(pack_id, car_options_id) VALUES ('0', '12');
INSERT INTO car_option(version, name ,id) VALUES ('0', 'lederen stuur','13');
INSERT INTO pack_car_options(pack_id, car_options_id) VALUES ('0', '13');
INSERT INTO car_option(version, name ,id) VALUES ('0', 'bandenspanningscontrole','14');
INSERT INTO pack_car_options(pack_id, car_options_id) VALUES ('0', '14');
INSERT INTO car_option(version, name ,id) VALUES ('0', 'elektrische ramen','15');
INSERT INTO pack_car_options(pack_id, car_options_id) VALUES ('0', '15');
INSERT INTO car_option(version, name ,id) VALUES ('0', 'armsteun vooraan','16');
INSERT INTO pack_car_options(pack_id, car_options_id) VALUES ('0', '16');
INSERT INTO car_option(version, name ,id) VALUES ('0', 'buitenspiegels elektrisch verstelbaar','17');
INSERT INTO pack_car_options(pack_id, car_options_id) VALUES ('0', '17');
INSERT INTO car (isdeleted, id,  version, category, emission, fiscalhp, fuel_type, brand, model, pk, delivery_time, ideal_km, max_km, list_price, benefit, amount_upgrade, amount_downgrade, car_type, base_pack_id) VALUES(0,'10','0','2','89','9','DIESEL','Audi','A3 sportback 1.6 tdi 110 pk ultra attraction','110','5','140000','180000','25048.99','104.17','0','3924.43','NORMAL','0');
INSERT INTO car_pictures(Car_id, pictures) VALUES('10','http://directlease.be/DLBe/img.do?path=Photo400%2FAUDI%2FA3%2F2014%2F5HA_315.JPG&height=250&width=400');
INSERT INTO pack(name, price, version, id) VALUES ('Pack Electronic', '500', '0', '1');
INSERT INTO car_option(version, name ,id) VALUES ('0', 'Desactiveerbare Passagiersairbag','18');
INSERT INTO pack_car_options(pack_id, car_options_id) VALUES ('1', '18');
INSERT INTO car_option(version, name ,id) VALUES ('0', 'Bestuurdersairbag','19');
INSERT INTO pack_car_options(pack_id, car_options_id) VALUES ('1', '19');
INSERT INTO car_option(version, name ,id) VALUES ('0', 'Zijdelingse airbags','20');
INSERT INTO pack_car_options(pack_id, car_options_id) VALUES ('1', '20');
INSERT INTO car_option(version, name ,id) VALUES ('0', 'A.B.S.','21');
INSERT INTO pack_car_options(pack_id, car_options_id) VALUES ('1', '21');
INSERT INTO car_option(version, name ,id) VALUES ('0', 'E.S.C. (Electrinic stability control)','22');
INSERT INTO pack_car_options(pack_id, car_options_id) VALUES ('1', '22');
INSERT INTO car_option(version, name ,id) VALUES ('0', 'Electrische ruiten vooraan','23');
INSERT INTO pack_car_options(pack_id, car_options_id) VALUES ('1', '23');
INSERT INTO car_option(version, name ,id) VALUES ('0', 'Manuele airconditioning','24');
INSERT INTO pack_car_options(pack_id, car_options_id) VALUES ('1', '24');
INSERT INTO car_option(version, name ,id) VALUES ('0', 'Radio CD, MP3, aux-in met 6 luidsprekers','25');
INSERT INTO pack_car_options(pack_id, car_options_id) VALUES ('1', '25');
INSERT INTO car_option(version, name ,id) VALUES ('0', 'Radiobediening aan het stuur','26');
INSERT INTO pack_car_options(pack_id, car_options_id) VALUES ('1', '26');
INSERT INTO car_option(version, name ,id) VALUES ('0', 'Boordcomputer','27');
INSERT INTO pack_car_options(pack_id, car_options_id) VALUES ('1', '27');
INSERT INTO car_option(version, name ,id) VALUES ('0', 'Getinte ruiten','28');
INSERT INTO pack_car_options(pack_id, car_options_id) VALUES ('1', '28');
INSERT INTO car_option(version, name ,id) VALUES ('0', 'Deurhandgrepen en spiegelbehuizing in koetswerkkleur','29');
INSERT INTO pack_car_options(pack_id, car_options_id) VALUES ('1', '29');
INSERT INTO car_option(version, name ,id) VALUES ('0', 'regensensor','30');
INSERT INTO pack_car_options(pack_id, car_options_id) VALUES ('1', '30');
INSERT INTO car_option(version, name ,id) VALUES ('0', 'snelheidsregelaar','31');
INSERT INTO pack_car_options(pack_id, car_options_id) VALUES ('1', '31');
INSERT INTO car_option(version, name ,id) VALUES ('0', 'Automatische lichten','32');
INSERT INTO pack_car_options(pack_id, car_options_id) VALUES ('1', '32');
INSERT INTO car_option(version, name ,id) VALUES ('0', 'Parkeersensoren achteraan','33');
INSERT INTO pack_car_options(pack_id, car_options_id) VALUES ('1', '33');
INSERT INTO car_option(version, name ,id) VALUES ('0', 'Gps','34');
INSERT INTO pack_car_options(pack_id, car_options_id) VALUES ('1', '34');
INSERT INTO car_option(version, name ,id) VALUES ('0', 'Bluetooth','35');
INSERT INTO pack_car_options(pack_id, car_options_id) VALUES ('1', '35');
INSERT INTO car_option(version, name ,id) VALUES ('0', 'Micro-SD slot','36');
INSERT INTO pack_car_options(pack_id, car_options_id) VALUES ('1', '36');
INSERT INTO car_option(version, name ,id) VALUES ('0', 'aanraakscherm','37');
INSERT INTO pack_car_options(pack_id, car_options_id) VALUES ('1', '37');
INSERT INTO car_option(version, name ,id) VALUES ('0', 'Opbergmodule','38');
INSERT INTO pack_car_options(pack_id, car_options_id) VALUES ('1', '38');
INSERT INTO car_option(version, name ,id) VALUES ('0', 'Centrale armsteun, opbergladen onder voorzetels','39');
INSERT INTO pack_car_options(pack_id, car_options_id) VALUES ('1', '39');
INSERT INTO car (isdeleted, id,  version, category, emission, fiscalhp, fuel_type, brand, model, pk, delivery_time, ideal_km, max_km, list_price, benefit, amount_upgrade, amount_downgrade, car_type, base_pack_id) VALUES(0,'11','0','2','109','7','DIESEL','Seat','Ibiza St 1.6 crtdi 105 pk Style ecomotive','105','3.5','140000','180000','19945.48','104.17','0','2479.69','BREAK','1');
INSERT INTO car_pictures(Car_id, pictures) VALUES('11','http://static.moniteurautomobile.be/imgcontrol/images_tmp/clients/moniteur/c680-d465/content/medias/images/cars/seat/ibiza/seat--ibiza-st--2010/seat--ibiza-st--2010-m-1.jpg');
INSERT INTO pack(name, price, version, id) VALUES ('Pack Dynamic', '500', '0', '2');
INSERT INTO car_option(version, name ,id) VALUES ('0', '6 airbags + knie-airbag bestuurder','40');
INSERT INTO pack_car_options(pack_id, car_options_id) VALUES ('2', '40');
INSERT INTO car_option(version, name ,id) VALUES ('0', 'ABS, ESR, ESC','41');
INSERT INTO pack_car_options(pack_id, car_options_id) VALUES ('2', '41');
INSERT INTO car_option(version, name ,id) VALUES ('0', 'Hill Hold Control','42');
INSERT INTO pack_car_options(pack_id, car_options_id) VALUES ('2', '42');
INSERT INTO car_option(version, name ,id) VALUES ('0', 'Bandenspanningscontrole','43');
INSERT INTO pack_car_options(pack_id, car_options_id) VALUES ('2', '43');
INSERT INTO car_option(version, name ,id) VALUES ('0', 'Start/stop','44');
INSERT INTO pack_car_options(pack_id, car_options_id) VALUES ('2', '44');
INSERT INTO car_option(version, name ,id) VALUES ('0', 'Lederen multifunctiestuur','45');
INSERT INTO pack_car_options(pack_id, car_options_id) VALUES ('2', '45');
INSERT INTO car_option(version, name ,id) VALUES ('0', 'Electronische airco','46');
INSERT INTO pack_car_options(pack_id, car_options_id) VALUES ('2', '46');
INSERT INTO car_option(version, name ,id) VALUES ('0', 'Snelheidsregelaar','47');
INSERT INTO pack_car_options(pack_id, car_options_id) VALUES ('2', '47');
INSERT INTO car_option(version, name ,id) VALUES ('0', 'Electrische ruiten V + A','48');
INSERT INTO pack_car_options(pack_id, car_options_id) VALUES ('2', '48');
INSERT INTO car_option(version, name ,id) VALUES ('0', 'Lendensteunregeling voor de bestuurder','49');
INSERT INTO pack_car_options(pack_id, car_options_id) VALUES ('2', '49');
INSERT INTO car_option(version, name ,id) VALUES ('0', '"Aluvelgen 16"""','50');
INSERT INTO pack_car_options(pack_id, car_options_id) VALUES ('2', '50');
INSERT INTO car_option(version, name ,id) VALUES ('0', 'Getinte ruiten','51');
INSERT INTO pack_car_options(pack_id, car_options_id) VALUES ('2', '51');
INSERT INTO car_option(version, name ,id) VALUES ('0', 'Mistlichten met statische bochtenverlichting','52');
INSERT INTO pack_car_options(pack_id, car_options_id) VALUES ('2', '52');
INSERT INTO car_option(version, name ,id) VALUES ('0', 'Automatische koplampen, ruitenwisser, achteruitkijkspiegel','53');
INSERT INTO pack_car_options(pack_id, car_options_id) VALUES ('2', '53');
INSERT INTO car_option(version, name ,id) VALUES ('0', 'Parkeersensoren V + A','54');
INSERT INTO pack_car_options(pack_id, car_options_id) VALUES ('2', '54');
INSERT INTO car_option(version, name ,id) VALUES ('0', 'Radio/CD/GPS met Bluetooth, aux-in en USB','55');
INSERT INTO pack_car_options(pack_id, car_options_id) VALUES ('2', '55');
INSERT INTO car (isdeleted, id,  version, category, emission, fiscalhp, fuel_type, brand, model, pk, delivery_time, ideal_km, max_km, list_price, benefit, amount_upgrade, amount_downgrade, car_type, base_pack_id) VALUES(0,'12','0','2','87','9','DIESEL','Seat','Leon style 1.6 Tdi 110 pk ecomotive','110','3','140000','180000','23178.00','104.17','0','5491.27','NORMAL','2');
INSERT INTO car_pictures(Car_id, pictures) VALUES('12','http://directlease.nl/DLNl/img.do?path=Photo400%2FSEAT%2FLEON%2F2016%2F5ES.JPG&height=250&width=400');
INSERT INTO pack(name, price, version, id) VALUES ('Pack ambition Gps ', '500', '0', '3');
INSERT INTO car_option(version, name ,id) VALUES ('0', 'lederen stuur','56');
INSERT INTO pack_car_options(pack_id, car_options_id) VALUES ('3', '56');
INSERT INTO car_option(version, name ,id) VALUES ('0', 'ESC tractiecontrole','57');
INSERT INTO pack_car_options(pack_id, car_options_id) VALUES ('3', '57');
INSERT INTO car_option(version, name ,id) VALUES ('0', '7 airbags','58');
INSERT INTO pack_car_options(pack_id, car_options_id) VALUES ('3', '58');
INSERT INTO car_option(version, name ,id) VALUES ('0', 'elektrische/verwarmde buitenspiegels','59');
INSERT INTO pack_car_options(pack_id, car_options_id) VALUES ('3', '59');
INSERT INTO car_option(version, name ,id) VALUES ('0', '"aluvelgen 16"""','60');
INSERT INTO pack_car_options(pack_id, car_options_id) VALUES ('3', '60');
INSERT INTO car_option(version, name ,id) VALUES ('0', 'mistlichten vooraan','61');
INSERT INTO pack_car_options(pack_id, car_options_id) VALUES ('3', '61');
INSERT INTO car_option(version, name ,id) VALUES ('0', 'cruise control','62');
INSERT INTO pack_car_options(pack_id, car_options_id) VALUES ('3', '62');
INSERT INTO car_option(version, name ,id) VALUES ('0', 'boordcomputer','63');
INSERT INTO pack_car_options(pack_id, car_options_id) VALUES ('3', '63');
INSERT INTO car_option(version, name ,id) VALUES ('0', 'climatronic','64');
INSERT INTO pack_car_options(pack_id, car_options_id) VALUES ('3', '64');
INSERT INTO car_option(version, name ,id) VALUES ('0', 'start stop','65');
INSERT INTO pack_car_options(pack_id, car_options_id) VALUES ('3', '65');
INSERT INTO car_option(version, name ,id) VALUES ('0', 'accoustic parking system achteraan','66');
INSERT INTO pack_car_options(pack_id, car_options_id) VALUES ('3', '66');
INSERT INTO car_option(version, name ,id) VALUES ('0', 'rengen detector','67');
INSERT INTO pack_car_options(pack_id, car_options_id) VALUES ('3', '67');
INSERT INTO car_option(version, name ,id) VALUES ('0', 'coming home/leaving home','68');
INSERT INTO pack_car_options(pack_id, car_options_id) VALUES ('3', '68');
INSERT INTO car_option(version, name ,id) VALUES ('0', 'radio cd swing mp3 +MDI','69');
INSERT INTO pack_car_options(pack_id, car_options_id) VALUES ('3', '69');
INSERT INTO car_option(version, name ,id) VALUES ('0', 'GPS Amundsen','70');
INSERT INTO pack_car_options(pack_id, car_options_id) VALUES ('3', '70');
INSERT INTO car_option(version, name ,id) VALUES ('0', 'Tuner DAB','71');
INSERT INTO pack_car_options(pack_id, car_options_id) VALUES ('3', '71');
INSERT INTO car_option(version, name ,id) VALUES ('0', 'boord computer maxi dot','72');
INSERT INTO pack_car_options(pack_id, car_options_id) VALUES ('3', '72');
INSERT INTO car_option(version, name ,id) VALUES ('0', 'multifunktioneel stuur','73');
INSERT INTO pack_car_options(pack_id, car_options_id) VALUES ('3', '73');
INSERT INTO car_option(version, name ,id) VALUES ('0', 'bluetooth','74');
INSERT INTO pack_car_options(pack_id, car_options_id) VALUES ('3', '74');
INSERT INTO car_option(version, name ,id) VALUES ('0', 'lane assist','75');
INSERT INTO pack_car_options(pack_id, car_options_id) VALUES ('3', '75');
INSERT INTO car (isdeleted, id,  version, category, emission, fiscalhp, fuel_type, brand, model, pk, delivery_time, ideal_km, max_km, list_price, benefit, amount_upgrade, amount_downgrade, car_type, base_pack_id) VALUES(0,'13','0','2','90','9','DIESEL','Skoda','Octavia Berline 1.6 tdi 110 pk  greenline','110','3','140000','180000','24566.82','104.17','0','4253.93','NORMAL','3');
INSERT INTO car_pictures(Car_id, pictures) VALUES('13','http://img.turbo.fr/015200BE07413939-c1-photo-skoda-octavia-1-6-tdi-110-ch-greenline.jpg');
INSERT INTO pack(name, price, version, id) VALUES ('Pack ambition Gps ', '500', '0', '4');
INSERT INTO car_option(version, name ,id) VALUES ('0', 'lederen stuur','76');
INSERT INTO pack_car_options(pack_id, car_options_id) VALUES ('4', '76');
INSERT INTO car_option(version, name ,id) VALUES ('0', 'ESC tractiecontrole','77');
INSERT INTO pack_car_options(pack_id, car_options_id) VALUES ('4', '77');
INSERT INTO car_option(version, name ,id) VALUES ('0', '7 airbags','78');
INSERT INTO pack_car_options(pack_id, car_options_id) VALUES ('4', '78');
INSERT INTO car_option(version, name ,id) VALUES ('0', 'elektrische/verwarmde buitenspiegels','79');
INSERT INTO pack_car_options(pack_id, car_options_id) VALUES ('4', '79');
INSERT INTO car_option(version, name ,id) VALUES ('0', '"aluvelgen 16"""','80');
INSERT INTO pack_car_options(pack_id, car_options_id) VALUES ('4', '80');
INSERT INTO car_option(version, name ,id) VALUES ('0', 'mistlichten vooraan','81');
INSERT INTO pack_car_options(pack_id, car_options_id) VALUES ('4', '81');
INSERT INTO car_option(version, name ,id) VALUES ('0', 'cruise control','82');
INSERT INTO pack_car_options(pack_id, car_options_id) VALUES ('4', '82');
INSERT INTO car_option(version, name ,id) VALUES ('0', 'boordcomputer','83');
INSERT INTO pack_car_options(pack_id, car_options_id) VALUES ('4', '83');
INSERT INTO car_option(version, name ,id) VALUES ('0', 'climatronic','84');
INSERT INTO pack_car_options(pack_id, car_options_id) VALUES ('4', '84');
INSERT INTO car_option(version, name ,id) VALUES ('0', 'start stop','85');
INSERT INTO pack_car_options(pack_id, car_options_id) VALUES ('4', '85');
INSERT INTO car_option(version, name ,id) VALUES ('0', 'accoustic parking system achteraan','86');
INSERT INTO pack_car_options(pack_id, car_options_id) VALUES ('4', '86');
INSERT INTO car_option(version, name ,id) VALUES ('0', 'rengen detector','87');
INSERT INTO pack_car_options(pack_id, car_options_id) VALUES ('4', '87');
INSERT INTO car_option(version, name ,id) VALUES ('0', 'coming home/leaving home','88');
INSERT INTO pack_car_options(pack_id, car_options_id) VALUES ('4', '88');
INSERT INTO car_option(version, name ,id) VALUES ('0', 'radio cd swing mp3 +MDI','89');
INSERT INTO pack_car_options(pack_id, car_options_id) VALUES ('4', '89');
INSERT INTO car_option(version, name ,id) VALUES ('0', 'dakrails','90');
INSERT INTO pack_car_options(pack_id, car_options_id) VALUES ('4', '90');
INSERT INTO car_option(version, name ,id) VALUES ('0', 'GPS Amundsen','91');
INSERT INTO pack_car_options(pack_id, car_options_id) VALUES ('4', '91');
INSERT INTO car_option(version, name ,id) VALUES ('0', 'Tuner DAB','92');
INSERT INTO pack_car_options(pack_id, car_options_id) VALUES ('4', '92');
INSERT INTO car_option(version, name ,id) VALUES ('0', 'boord computer maxi dot','93');
INSERT INTO pack_car_options(pack_id, car_options_id) VALUES ('4', '93');
INSERT INTO car_option(version, name ,id) VALUES ('0', 'multifunktioneel stuur','94');
INSERT INTO pack_car_options(pack_id, car_options_id) VALUES ('4', '94');
INSERT INTO car_option(version, name ,id) VALUES ('0', 'bluetooth','95');
INSERT INTO pack_car_options(pack_id, car_options_id) VALUES ('4', '95');
INSERT INTO car_option(version, name ,id) VALUES ('0', 'lane assist','96');
INSERT INTO pack_car_options(pack_id, car_options_id) VALUES ('4', '96');
INSERT INTO car (isdeleted, id,  version, category, emission, fiscalhp, fuel_type, brand, model, pk, delivery_time, ideal_km, max_km, list_price, benefit, amount_upgrade, amount_downgrade, car_type, base_pack_id) VALUES(0,'14','0','2','90','9','DIESEL','Skoda','Octavia combi 1.6 tdi 110 pk  greenline','110','3.5','140000','180000','25343.22','104.17','0','4042.73','BREAK','4');
INSERT INTO car_pictures(Car_id, pictures) VALUES('14','http://directlease.be/DLBe/img.do?path=Photo400%2FSKODA%2FOCTAVIA%2F2016%2F5ES.JPG&height=250&width=400');
INSERT INTO pack(name, price, version, id) VALUES ('Pack ambition GPS TomTom Via 135 LTM', '500', '0', '5');
INSERT INTO car_option(version, name ,id) VALUES ('0', 'varioflex zetels','97');
INSERT INTO pack_car_options(pack_id, car_options_id) VALUES ('5', '97');
INSERT INTO car_option(version, name ,id) VALUES ('0', 'ESC tractiecontrole','98');
INSERT INTO pack_car_options(pack_id, car_options_id) VALUES ('5', '98');
INSERT INTO car_option(version, name ,id) VALUES ('0', '4 airbags','99');
INSERT INTO pack_car_options(pack_id, car_options_id) VALUES ('5', '99');
INSERT INTO car_option(version, name ,id) VALUES ('0', 'elektrische/verwarmde buitenspiegels','100');
INSERT INTO pack_car_options(pack_id, car_options_id) VALUES ('5', '100');
INSERT INTO car_option(version, name ,id) VALUES ('0', '"aluvelgen 15"""','101');
INSERT INTO pack_car_options(pack_id, car_options_id) VALUES ('5', '101');
INSERT INTO car_option(version, name ,id) VALUES ('0', 'mistlichten vooraan','102');
INSERT INTO pack_car_options(pack_id, car_options_id) VALUES ('5', '102');
INSERT INTO car_option(version, name ,id) VALUES ('0', 'cruise control','103');
INSERT INTO pack_car_options(pack_id, car_options_id) VALUES ('5', '103');
INSERT INTO car_option(version, name ,id) VALUES ('0', 'boordcomputer','104');
INSERT INTO pack_car_options(pack_id, car_options_id) VALUES ('5', '104');
INSERT INTO car_option(version, name ,id) VALUES ('0', 'TPM (tire pressure monitoring)','105');
INSERT INTO pack_car_options(pack_id, car_options_id) VALUES ('5', '105');
INSERT INTO car_option(version, name ,id) VALUES ('0', 'start stop','106');
INSERT INTO pack_car_options(pack_id, car_options_id) VALUES ('5', '106');
INSERT INTO car_option(version, name ,id) VALUES ('0', 'hill hold control','107');
INSERT INTO pack_car_options(pack_id, car_options_id) VALUES ('5', '107');
INSERT INTO car_option(version, name ,id) VALUES ('0', 'Climatronic','108');
INSERT INTO pack_car_options(pack_id, car_options_id) VALUES ('5', '108');
INSERT INTO car_option(version, name ,id) VALUES ('0', 'armsteun vooraan','109');
INSERT INTO pack_car_options(pack_id, car_options_id) VALUES ('5', '109');
INSERT INTO car_option(version, name ,id) VALUES ('0', 'Gps tomtom','110');
INSERT INTO pack_car_options(pack_id, car_options_id) VALUES ('5', '110');
INSERT INTO car (isdeleted, id,  version, category, emission, fiscalhp, fuel_type, brand, model, pk, delivery_time, ideal_km, max_km, list_price, benefit, amount_upgrade, amount_downgrade, car_type, base_pack_id) VALUES(0,'15','0','2','109','7','DIESEL','Skoda','Roomster 1.2 crtdi 75 pk','75','3.5','180000','200000','17187.91','104.17','0','1907.41','MONOVOLUME','5');
INSERT INTO car_pictures(Car_id, pictures) VALUES('15','http://gcm.moniteurautomobile.be/imgcontrol/c1008-d684/clients/moniteur/content/medias/images/occassions/646/317/317646_1.jpg');
INSERT INTO pack(name, price, version, id) VALUES ('Pack Business Class @ discover Pro', '500', '0', '6');
INSERT INTO car_option(version, name ,id) VALUES ('0', 'Adaptive Cruise Control & automatische remassistentie','111');
INSERT INTO pack_car_options(pack_id, car_options_id) VALUES ('6', '111');
INSERT INTO car_option(version, name ,id) VALUES ('0', 'ESC tractiecontrole','112');
INSERT INTO pack_car_options(pack_id, car_options_id) VALUES ('6', '112');
INSERT INTO car_option(version, name ,id) VALUES ('0', '7 airbags','113');
INSERT INTO pack_car_options(pack_id, car_options_id) VALUES ('6', '113');
INSERT INTO car_option(version, name ,id) VALUES ('0', 'bandenspanningscontrole','114');
INSERT INTO pack_car_options(pack_id, car_options_id) VALUES ('6', '114');
INSERT INTO car_option(version, name ,id) VALUES ('0', 'vermoeidheidsdedectie','115');
INSERT INTO pack_car_options(pack_id, car_options_id) VALUES ('6', '115');
INSERT INTO car_option(version, name ,id) VALUES ('0', 'elektrische ramen','116');
INSERT INTO pack_car_options(pack_id, car_options_id) VALUES ('6', '116');
INSERT INTO car_option(version, name ,id) VALUES ('0', 'Armsteun vooraan','117');
INSERT INTO pack_car_options(pack_id, car_options_id) VALUES ('6', '117');
INSERT INTO car_option(version, name ,id) VALUES ('0', 'sfeerverlichting','118');
INSERT INTO pack_car_options(pack_id, car_options_id) VALUES ('6', '118');
INSERT INTO car_option(version, name ,id) VALUES ('0', 'multifunctiestuur leder','119');
INSERT INTO pack_car_options(pack_id, car_options_id) VALUES ('6', '119');
INSERT INTO car_option(version, name ,id) VALUES ('0', '"16"" aluvelgen ''Dover''"','120');
INSERT INTO pack_car_options(pack_id, car_options_id) VALUES ('6', '120');
INSERT INTO car_option(version, name ,id) VALUES ('0', 'verduisterde achterlichten','121');
INSERT INTO pack_car_options(pack_id, car_options_id) VALUES ('6', '121');
INSERT INTO car_option(version, name ,id) VALUES ('0', 'led verlichting kenteken','122');
INSERT INTO pack_car_options(pack_id, car_options_id) VALUES ('6', '122');
INSERT INTO car_option(version, name ,id) VALUES ('0', 'Climatronic','123');
INSERT INTO pack_car_options(pack_id, car_options_id) VALUES ('6', '123');
INSERT INTO car_option(version, name ,id) VALUES ('0', '8 luidsprekers','124');
INSERT INTO pack_car_options(pack_id, car_options_id) VALUES ('6', '124');
INSERT INTO car_option(version, name ,id) VALUES ('0', '"3D navigatie met 8"" aanraakscherm"','125');
INSERT INTO pack_car_options(pack_id, car_options_id) VALUES ('6', '125');
INSERT INTO car_option(version, name ,id) VALUES ('0', 'CD-DVD lezer','126');
INSERT INTO pack_car_options(pack_id, car_options_id) VALUES ('6', '126');
INSERT INTO car_option(version, name ,id) VALUES ('0', 'Aux in, USB, 2xSD','127');
INSERT INTO pack_car_options(pack_id, car_options_id) VALUES ('6', '127');
INSERT INTO car_option(version, name ,id) VALUES ('0', 'weergave foto, MP3, Divx, …','128');
INSERT INTO pack_car_options(pack_id, car_options_id) VALUES ('6', '128');
INSERT INTO car_option(version, name ,id) VALUES ('0', 'Bluetooth connectie (telefoon en audio)','129');
INSERT INTO pack_car_options(pack_id, car_options_id) VALUES ('6', '129');
INSERT INTO car_option(version, name ,id) VALUES ('0', 'SSD harde schijf','130');
INSERT INTO pack_car_options(pack_id, car_options_id) VALUES ('6', '130');
INSERT INTO car_option(version, name ,id) VALUES ('0', 'Parkeersensoren voor en achter','131');
INSERT INTO pack_car_options(pack_id, car_options_id) VALUES ('6', '131');
INSERT INTO car_option(version, name ,id) VALUES ('0', 'Park Assist (=semi-automatisch parkeren)','132');
INSERT INTO pack_car_options(pack_id, car_options_id) VALUES ('6', '132');
INSERT INTO car_option(version, name ,id) VALUES ('0', 'Elektrisch inklapbare spiegels (automatisch met het afsluiten)','133');
INSERT INTO pack_car_options(pack_id, car_options_id) VALUES ('6', '133');
INSERT INTO car (isdeleted, id,  version, category, emission, fiscalhp, fuel_type, brand, model, pk, delivery_time, ideal_km, max_km, list_price, benefit, amount_upgrade, amount_downgrade, car_type, base_pack_id) VALUES(0,'16','0','2','99','9','DIESEL','VW','Golf 7 Highline 1.6l CRTDI 110 pk BMT','110','4','140000','180000','27476.95','123.65','0','1369.33','NORMAL','6');
INSERT INTO car_pictures(Car_id, pictures) VALUES('16','http://imganuncios.mitula.net/volkswagen_golf_variant_1_6_tdi_highline_executive_bluemoti_7030085437683640511.jpg');
INSERT INTO pack(name, price, version, id) VALUES ('Pack Business Class @ discover Media', '500', '0', '7');
INSERT INTO car_option(version, name ,id) VALUES ('0', 'Adaptive Cruise Control & automatische remassistentie','134');
INSERT INTO pack_car_options(pack_id, car_options_id) VALUES ('7', '134');
INSERT INTO car_option(version, name ,id) VALUES ('0', 'ESC tractiecontrole','135');
INSERT INTO pack_car_options(pack_id, car_options_id) VALUES ('7', '135');
INSERT INTO car_option(version, name ,id) VALUES ('0', '7 airbags','136');
INSERT INTO pack_car_options(pack_id, car_options_id) VALUES ('7', '136');
INSERT INTO car_option(version, name ,id) VALUES ('0', 'bandenspanningscontrole','137');
INSERT INTO pack_car_options(pack_id, car_options_id) VALUES ('7', '137');
INSERT INTO car_option(version, name ,id) VALUES ('0', 'vermoeidheidsdedectie','138');
INSERT INTO pack_car_options(pack_id, car_options_id) VALUES ('7', '138');
INSERT INTO car_option(version, name ,id) VALUES ('0', 'elektrische ramen','139');
INSERT INTO pack_car_options(pack_id, car_options_id) VALUES ('7', '139');
INSERT INTO car_option(version, name ,id) VALUES ('0', 'sfeerverlichting','140');
INSERT INTO pack_car_options(pack_id, car_options_id) VALUES ('7', '140');
INSERT INTO car_option(version, name ,id) VALUES ('0', 'multifunctiestuur leder','141');
INSERT INTO pack_car_options(pack_id, car_options_id) VALUES ('7', '141');
INSERT INTO car_option(version, name ,id) VALUES ('0', 'Dakrailing','142');
INSERT INTO pack_car_options(pack_id, car_options_id) VALUES ('7', '142');
INSERT INTO car_option(version, name ,id) VALUES ('0', 'Electrisch verstelbare buitenspiegels','143');
INSERT INTO pack_car_options(pack_id, car_options_id) VALUES ('7', '143');
INSERT INTO car_option(version, name ,id) VALUES ('0', 'led verlichting kenteken','144');
INSERT INTO pack_car_options(pack_id, car_options_id) VALUES ('7', '144');
INSERT INTO car_option(version, name ,id) VALUES ('0', 'Metaalkleur','145');
INSERT INTO pack_car_options(pack_id, car_options_id) VALUES ('7', '145');
INSERT INTO car_option(version, name ,id) VALUES ('0', 'Climatronic','146');
INSERT INTO pack_car_options(pack_id, car_options_id) VALUES ('7', '146');
INSERT INTO car_option(version, name ,id) VALUES ('0', '8 luidsprekers','147');
INSERT INTO pack_car_options(pack_id, car_options_id) VALUES ('7', '147');
INSERT INTO car_option(version, name ,id) VALUES ('0', '"Navigatie met 5,8"" aanraakscherm"','148');
INSERT INTO pack_car_options(pack_id, car_options_id) VALUES ('7', '148');
INSERT INTO car_option(version, name ,id) VALUES ('0', 'CD-lezer','149');
INSERT INTO pack_car_options(pack_id, car_options_id) VALUES ('7', '149');
INSERT INTO car_option(version, name ,id) VALUES ('0', 'Aux in, USB, SD','150');
INSERT INTO pack_car_options(pack_id, car_options_id) VALUES ('7', '150');
INSERT INTO car_option(version, name ,id) VALUES ('0', 'Bluetooth connectie (telefoon en audio)','151');
INSERT INTO pack_car_options(pack_id, car_options_id) VALUES ('7', '151');
INSERT INTO car_option(version, name ,id) VALUES ('0', 'Armsteun vooraan','152');
INSERT INTO pack_car_options(pack_id, car_options_id) VALUES ('7', '152');
INSERT INTO car_option(version, name ,id) VALUES ('0', 'Parkeersensoren voor en achter','153');
INSERT INTO pack_car_options(pack_id, car_options_id) VALUES ('7', '153');
INSERT INTO car_option(version, name ,id) VALUES ('0', 'Park Assist (=semi-automatisch parkeren)','154');
INSERT INTO pack_car_options(pack_id, car_options_id) VALUES ('7', '154');
INSERT INTO car_option(version, name ,id) VALUES ('0', 'Elektrisch inklapbare spiegels (automatisch met het afsluiten)','155');
INSERT INTO pack_car_options(pack_id, car_options_id) VALUES ('7', '155');
INSERT INTO car (isdeleted, id,  version, category, emission, fiscalhp, fuel_type, brand, model, pk, delivery_time, ideal_km, max_km, list_price, benefit, amount_upgrade, amount_downgrade, car_type, base_pack_id) VALUES(0,'17','0','2','102','9','DIESEL','VW','Golf Variant Trendl.1.6 CRTDI 110 pk BMT','110','3.5','140000','180000','26696.57','125.86','0','1407.33','BREAK','7');
INSERT INTO car_pictures(Car_id, pictures) VALUES('17','http://78.138.119.49/userdata/1/23627/VkkSBhioB/kfz36858826_golfv1.jpg');
INSERT INTO pack(name, price, version, id) VALUES ('Pack business @ Gps Discover Media', '500', '0', '8');
INSERT INTO car_option(version, name ,id) VALUES ('0', 'ESP tractiecontrole','156');
INSERT INTO pack_car_options(pack_id, car_options_id) VALUES ('8', '156');
INSERT INTO car_option(version, name ,id) VALUES ('0', 'Hill Hold Control (wegrijhulp op helling)','157');
INSERT INTO pack_car_options(pack_id, car_options_id) VALUES ('8', '157');
INSERT INTO car_option(version, name ,id) VALUES ('0', '6 airbags','158');
INSERT INTO pack_car_options(pack_id, car_options_id) VALUES ('8', '158');
INSERT INTO car_option(version, name ,id) VALUES ('0', 'schijfremmen voor- en achteraan','159');
INSERT INTO pack_car_options(pack_id, car_options_id) VALUES ('8', '159');
INSERT INTO car_option(version, name ,id) VALUES ('0', 'Stuurkolom regelbaar in de hoogte en in de diepte','160');
INSERT INTO pack_car_options(pack_id, car_options_id) VALUES ('8', '160');
INSERT INTO car_option(version, name ,id) VALUES ('0', 'zetes vooraanl regelbaar in hoogte','161');
INSERT INTO pack_car_options(pack_id, car_options_id) VALUES ('8', '161');
INSERT INTO car_option(version, name ,id) VALUES ('0', 'Dash pad in koetswerkkleur','162');
INSERT INTO pack_car_options(pack_id, car_options_id) VALUES ('8', '162');
INSERT INTO car_option(version, name ,id) VALUES ('0', 'Achterbank neerklapbaar 1/2-1/2','163');
INSERT INTO pack_car_options(pack_id, car_options_id) VALUES ('8', '163');
INSERT INTO car_option(version, name ,id) VALUES ('0', 'Schakelpookknop en handremgreep in leder','164');
INSERT INTO pack_car_options(pack_id, car_options_id) VALUES ('8', '164');
INSERT INTO car_option(version, name ,id) VALUES ('0', 'Elektrisch verstelbare en verwarmde buitenspiegels','165');
INSERT INTO pack_car_options(pack_id, car_options_id) VALUES ('8', '165');
INSERT INTO car_option(version, name ,id) VALUES ('0', 'Centrale vergrendeling met afstandsbediening','166');
INSERT INTO pack_car_options(pack_id, car_options_id) VALUES ('8', '166');
INSERT INTO car_option(version, name ,id) VALUES ('0', 'Prestereo-uitrusting voor en achter (8 luidsprekers)','167');
INSERT INTO pack_car_options(pack_id, car_options_id) VALUES ('8', '167');
INSERT INTO car_option(version, name ,id) VALUES ('0', 'Bediening aan het stuur van de boordcomputer, radio en telefoon','168');
INSERT INTO pack_car_options(pack_id, car_options_id) VALUES ('8', '168');
INSERT INTO car_option(version, name ,id) VALUES ('0', '"Boordcomputer ""Plus"""','169');
INSERT INTO pack_car_options(pack_id, car_options_id) VALUES ('8', '169');
INSERT INTO car_option(version, name ,id) VALUES ('0', 'GPS Discover Media ','170');
INSERT INTO pack_car_options(pack_id, car_options_id) VALUES ('8', '170');
INSERT INTO car_option(version, name ,id) VALUES ('0', 'bluetooth','171');
INSERT INTO pack_car_options(pack_id, car_options_id) VALUES ('8', '171');
INSERT INTO car_option(version, name ,id) VALUES ('0', 'sd-card reader','172');
INSERT INTO pack_car_options(pack_id, car_options_id) VALUES ('8', '172');
INSERT INTO car_option(version, name ,id) VALUES ('0', 'detail Europa','173');
INSERT INTO pack_car_options(pack_id, car_options_id) VALUES ('8', '173');
INSERT INTO car_option(version, name ,id) VALUES ('0', 'Centrale armsteun vooraan','174');
INSERT INTO pack_car_options(pack_id, car_options_id) VALUES ('8', '174');
INSERT INTO car_option(version, name ,id) VALUES ('0', 'Cruise control','175');
INSERT INTO pack_car_options(pack_id, car_options_id) VALUES ('8', '175');
INSERT INTO car (isdeleted, id,  version, category, emission, fiscalhp, fuel_type, brand, model, pk, delivery_time, ideal_km, max_km, list_price, benefit, amount_upgrade, amount_downgrade, car_type, base_pack_id) VALUES(0,'18','0','3','107','11','DIESEL','VW','Beetle Design 2.0l TDI 110pk BMT','110','5','140000','180000','24240.16','122.93','2431.85','2795.35','NORMAL','8');
INSERT INTO car_pictures(Car_id, pictures) VALUES('18','http://www.leaselinq.nl/application/elements/media/cars/5203_0.jpg');
INSERT INTO pack(name, price, version, id) VALUES ('Pack Intuition Plus & Lounge', '500', '0', '9');
INSERT INTO car_option(version, name ,id) VALUES ('0', 'verchroomde vensteromtrek','176');
INSERT INTO pack_car_options(pack_id, car_options_id) VALUES ('9', '176');
INSERT INTO car_option(version, name ,id) VALUES ('0', '"alu velgen 15 spaken Y-design 16"""','177');
INSERT INTO pack_car_options(pack_id, car_options_id) VALUES ('9', '177');
INSERT INTO car_option(version, name ,id) VALUES ('0', 'inlegplaatjes in 3D-optiek','178');
INSERT INTO pack_car_options(pack_id, car_options_id) VALUES ('9', '178');
INSERT INTO car_option(version, name ,id) VALUES ('0', 'zetels Regatta stof en kunstleder','179');
INSERT INTO pack_car_options(pack_id, car_options_id) VALUES ('9', '179');
INSERT INTO car_option(version, name ,id) VALUES ('0', 'lichtmodule','180');
INSERT INTO pack_car_options(pack_id, car_options_id) VALUES ('9', '180');
INSERT INTO car_option(version, name ,id) VALUES ('0', 'snelheidsregelaar','181');
INSERT INTO pack_car_options(pack_id, car_options_id) VALUES ('9', '181');
INSERT INTO car_option(version, name ,id) VALUES ('0', 'Acoustic Parking System achteraan','182');
INSERT INTO pack_car_options(pack_id, car_options_id) VALUES ('9', '182');
INSERT INTO car_option(version, name ,id) VALUES ('0', 'boordcomputer','183');
INSERT INTO pack_car_options(pack_id, car_options_id) VALUES ('9', '183');
INSERT INTO car_option(version, name ,id) VALUES ('0', 'bandenspanningscontrole','184');
INSERT INTO pack_car_options(pack_id, car_options_id) VALUES ('9', '184');
INSERT INTO car_option(version, name ,id) VALUES ('0', 'metaalkleur (behalve Exclusive kleuren)','185');
INSERT INTO pack_car_options(pack_id, car_options_id) VALUES ('9', '185');
INSERT INTO car_option(version, name ,id) VALUES ('0', 'elektronische klimaatregeling','186');
INSERT INTO pack_car_options(pack_id, car_options_id) VALUES ('9', '186');
INSERT INTO car_option(version, name ,id) VALUES ('0', 'GPS met SD-kaart','187');
INSERT INTO pack_car_options(pack_id, car_options_id) VALUES ('9', '187');
INSERT INTO car_option(version, name ,id) VALUES ('0', 'volumetrisch en perimetrisch alarm','188');
INSERT INTO pack_car_options(pack_id, car_options_id) VALUES ('9', '188');
INSERT INTO car_option(version, name ,id) VALUES ('0', 'Audi Music Interface','189');
INSERT INTO pack_car_options(pack_id, car_options_id) VALUES ('9', '189');
INSERT INTO car_option(version, name ,id) VALUES ('0', 'Bluetooth connectie (telefoon en audio)','190');
INSERT INTO pack_car_options(pack_id, car_options_id) VALUES ('9', '190');
INSERT INTO car_option(version, name ,id) VALUES ('0', 'multifunctiestuur ','191');
INSERT INTO pack_car_options(pack_id, car_options_id) VALUES ('9', '191');
INSERT INTO car_option(version, name ,id) VALUES ('0', 'binnenbekleding leder Milano','192');
INSERT INTO pack_car_options(pack_id, car_options_id) VALUES ('9', '192');
INSERT INTO car_option(version, name ,id) VALUES ('0', 'verwarmde zetels vooraan','193');
INSERT INTO pack_car_options(pack_id, car_options_id) VALUES ('9', '193');
INSERT INTO car_option(version, name ,id) VALUES ('0', 'opbergmodule','194');
INSERT INTO pack_car_options(pack_id, car_options_id) VALUES ('9', '194');
INSERT INTO car_option(version, name ,id) VALUES ('0', 'licht- en regensensor','195');
INSERT INTO pack_car_options(pack_id, car_options_id) VALUES ('9', '195');
INSERT INTO car (isdeleted, id,  version, category, emission, fiscalhp, fuel_type, brand, model, pk, delivery_time, ideal_km, max_km, list_price, benefit, amount_upgrade, amount_downgrade, car_type, base_pack_id) VALUES(0,'19','0','3','99','9','DIESEL','Audi','A3 sportback 1.6 tdi 110 pk Ambiente','110','5','140000','180000','28218.01','126.98','2190.29','3036.91','NORMAL','9');
INSERT INTO car_pictures(Car_id, pictures) VALUES('19','http://directselectie.audi.nl/Content/images/audi/F8VABSED20166Y6YQF_L.jpg');
INSERT INTO pack(name, price, version, id) VALUES ('Pack Business Class @ discover Media', '500', '0', '10');
INSERT INTO car_option(version, name ,id) VALUES ('0', 'Adaptive Cruise Control & automatische remassistentie','196');
INSERT INTO pack_car_options(pack_id, car_options_id) VALUES ('10', '196');
INSERT INTO car_option(version, name ,id) VALUES ('0', 'ESC tractiecontrole','197');
INSERT INTO pack_car_options(pack_id, car_options_id) VALUES ('10', '197');
INSERT INTO car_option(version, name ,id) VALUES ('0', '7 airbags','198');
INSERT INTO pack_car_options(pack_id, car_options_id) VALUES ('10', '198');
INSERT INTO car_option(version, name ,id) VALUES ('0', 'bandenspanningscontrole','199');
INSERT INTO pack_car_options(pack_id, car_options_id) VALUES ('10', '199');
INSERT INTO car_option(version, name ,id) VALUES ('0', 'vermoeidheidsdedectie','200');
INSERT INTO pack_car_options(pack_id, car_options_id) VALUES ('10', '200');
INSERT INTO car_option(version, name ,id) VALUES ('0', 'elektrische ramen','201');
INSERT INTO pack_car_options(pack_id, car_options_id) VALUES ('10', '201');
INSERT INTO car_option(version, name ,id) VALUES ('0', 'Armsteun vooraan','202');
INSERT INTO pack_car_options(pack_id, car_options_id) VALUES ('10', '202');
INSERT INTO car_option(version, name ,id) VALUES ('0', 'sfeerverlichting','203');
INSERT INTO pack_car_options(pack_id, car_options_id) VALUES ('10', '203');
INSERT INTO car_option(version, name ,id) VALUES ('0', 'multifunctiestuur leder','204');
INSERT INTO pack_car_options(pack_id, car_options_id) VALUES ('10', '204');
INSERT INTO car_option(version, name ,id) VALUES ('0', '17'' aluvelgen ''Dover''','205');
INSERT INTO pack_car_options(pack_id, car_options_id) VALUES ('10', '205');
INSERT INTO car_option(version, name ,id) VALUES ('0', 'verduisterde achterlichten','206');
INSERT INTO pack_car_options(pack_id, car_options_id) VALUES ('10', '206');
INSERT INTO car_option(version, name ,id) VALUES ('0', 'led verlichting kenteken','207');
INSERT INTO pack_car_options(pack_id, car_options_id) VALUES ('10', '207');
INSERT INTO car_option(version, name ,id) VALUES ('0', 'Climatronic','208');
INSERT INTO pack_car_options(pack_id, car_options_id) VALUES ('10', '208');
INSERT INTO car_option(version, name ,id) VALUES ('0', '8 luidsprekers','209');
INSERT INTO pack_car_options(pack_id, car_options_id) VALUES ('10', '209');
INSERT INTO car_option(version, name ,id) VALUES ('0', '"Navigatie met 5,8"" aanraakscherm"','210');
INSERT INTO pack_car_options(pack_id, car_options_id) VALUES ('10', '210');
INSERT INTO car_option(version, name ,id) VALUES ('0', 'CD-lezer','211');
INSERT INTO pack_car_options(pack_id, car_options_id) VALUES ('10', '211');
INSERT INTO car_option(version, name ,id) VALUES ('0', 'Aux in, USB, SD','212');
INSERT INTO pack_car_options(pack_id, car_options_id) VALUES ('10', '212');
INSERT INTO car_option(version, name ,id) VALUES ('0', 'Bluetooth connectie (telefoon en audio)','213');
INSERT INTO pack_car_options(pack_id, car_options_id) VALUES ('10', '213');
INSERT INTO car_option(version, name ,id) VALUES ('0', 'Armsteun vooraan','214');
INSERT INTO pack_car_options(pack_id, car_options_id) VALUES ('10', '214');
INSERT INTO car_option(version, name ,id) VALUES ('0', 'Parkeersensoren voor en achter','215');
INSERT INTO pack_car_options(pack_id, car_options_id) VALUES ('10', '215');
INSERT INTO car_option(version, name ,id) VALUES ('0', 'Park Assist (=semi-automatisch parkeren)','216');
INSERT INTO pack_car_options(pack_id, car_options_id) VALUES ('10', '216');
INSERT INTO car_option(version, name ,id) VALUES ('0', 'Elektrisch inklapbare spiegels (automatisch met het afsluiten)','217');
INSERT INTO pack_car_options(pack_id, car_options_id) VALUES ('10', '217');
INSERT INTO car (isdeleted, id,  version, category, emission, fiscalhp, fuel_type, brand, model, pk, delivery_time, ideal_km, max_km, list_price, benefit, amount_upgrade, amount_downgrade, car_type, base_pack_id) VALUES(0,'20','0','3','102','9','DIESEL','VW','Golf Variant Highline 1.6CRTDI 110 pk BMT','110','4','180000','200000','28618.88','134.92','2061.30','3165.90','BREAK','10');
INSERT INTO car_pictures(Car_id, pictures) VALUES('20','http://www.bluesphere.be/images/sites/34/product/255/4/Golf%207%20Var%20TL%20Tungsten.JPG');
INSERT INTO pack(name, price, version, id) VALUES ('Pack Company Amundsen', '500', '0', '11');
INSERT INTO car_option(version, name ,id) VALUES ('0', 'lederen stuur','218');
INSERT INTO pack_car_options(pack_id, car_options_id) VALUES ('11', '218');
INSERT INTO car_option(version, name ,id) VALUES ('0', 'ESC tractiecontrole','219');
INSERT INTO pack_car_options(pack_id, car_options_id) VALUES ('11', '219');
INSERT INTO car_option(version, name ,id) VALUES ('0', '7 airbags','220');
INSERT INTO pack_car_options(pack_id, car_options_id) VALUES ('11', '220');
INSERT INTO car_option(version, name ,id) VALUES ('0', 'elektrische/verwarmde buitenspiegels','221');
INSERT INTO pack_car_options(pack_id, car_options_id) VALUES ('11', '221');
INSERT INTO car_option(version, name ,id) VALUES ('0', '"aluvelgen 16"" Helix"','222');
INSERT INTO pack_car_options(pack_id, car_options_id) VALUES ('11', '222');
INSERT INTO car_option(version, name ,id) VALUES ('0', 'mistlichten vooraan','223');
INSERT INTO pack_car_options(pack_id, car_options_id) VALUES ('11', '223');
INSERT INTO car_option(version, name ,id) VALUES ('0', 'boordcomputer maxi dot','224');
INSERT INTO pack_car_options(pack_id, car_options_id) VALUES ('11', '224');
INSERT INTO car_option(version, name ,id) VALUES ('0', 'climatronic','225');
INSERT INTO pack_car_options(pack_id, car_options_id) VALUES ('11', '225');
INSERT INTO car_option(version, name ,id) VALUES ('0', 'start stop','226');
INSERT INTO pack_car_options(pack_id, car_options_id) VALUES ('11', '226');
INSERT INTO car_option(version, name ,id) VALUES ('0', 'twindoor','227');
INSERT INTO pack_car_options(pack_id, car_options_id) VALUES ('11', '227');
INSERT INTO car_option(version, name ,id) VALUES ('0', 'cruise control','228');
INSERT INTO pack_car_options(pack_id, car_options_id) VALUES ('11', '228');
INSERT INTO car_option(version, name ,id) VALUES ('0', 'GPS Amundsen','229');
INSERT INTO pack_car_options(pack_id, car_options_id) VALUES ('11', '229');
INSERT INTO car_option(version, name ,id) VALUES ('0', 'boord computer maxi dot','230');
INSERT INTO pack_car_options(pack_id, car_options_id) VALUES ('11', '230');
INSERT INTO car_option(version, name ,id) VALUES ('0', 'multifunktioneel stuur','231');
INSERT INTO pack_car_options(pack_id, car_options_id) VALUES ('11', '231');
INSERT INTO car_option(version, name ,id) VALUES ('0', 'bluetooth','232');
INSERT INTO pack_car_options(pack_id, car_options_id) VALUES ('11', '232');
INSERT INTO car_option(version, name ,id) VALUES ('0', 'vloer tapijten','233');
INSERT INTO pack_car_options(pack_id, car_options_id) VALUES ('11', '233');
INSERT INTO car_option(version, name ,id) VALUES ('0', 'accoustic parking system voor/ achteraan','234');
INSERT INTO pack_car_options(pack_id, car_options_id) VALUES ('11', '234');
INSERT INTO car (isdeleted, id,  version, category, emission, fiscalhp, fuel_type, brand, model, pk, delivery_time, ideal_km, max_km, list_price, benefit, amount_upgrade, amount_downgrade, car_type, base_pack_id) VALUES(0,'21','0','3','109','9','DIESEL','Skoda','Superb berline ambiente 1.6 crtdi greenline','110','4','180000','200000','26400.74','137.66','2434.30','2792.90','NORMAL','11');
INSERT INTO car_pictures(Car_id, pictures) VALUES('21','http://www.parkers.co.uk/Images/PageFiles/75802/Skoda_Superb_210913(34).jpg');
INSERT INTO pack(name, price, version, id) VALUES ('Business Media Pack ', '500', '0', '12');
INSERT INTO car_option(version, name ,id) VALUES ('0', 'Front Assist','235');
INSERT INTO pack_car_options(pack_id, car_options_id) VALUES ('12', '235');
INSERT INTO car_option(version, name ,id) VALUES ('0', 'Adaptive Cruise Control','236');
INSERT INTO pack_car_options(pack_id, car_options_id) VALUES ('12', '236');
INSERT INTO car_option(version, name ,id) VALUES ('0', 'City Emergency Brake','237');
INSERT INTO pack_car_options(pack_id, car_options_id) VALUES ('12', '237');
INSERT INTO car_option(version, name ,id) VALUES ('0', 'Multi-collision Control','238');
INSERT INTO pack_car_options(pack_id, car_options_id) VALUES ('12', '238');
INSERT INTO car_option(version, name ,id) VALUES ('0', 'Vermoeidheidsdetectie','239');
INSERT INTO pack_car_options(pack_id, car_options_id) VALUES ('12', '239');
INSERT INTO car_option(version, name ,id) VALUES ('0', 'Keyless Go','240');
INSERT INTO pack_car_options(pack_id, car_options_id) VALUES ('12', '240');
INSERT INTO car_option(version, name ,id) VALUES ('0', 'Lederen multifunctiestuur','241');
INSERT INTO pack_car_options(pack_id, car_options_id) VALUES ('12', '241');
INSERT INTO car_option(version, name ,id) VALUES ('0', 'Boordcomputer Plus','242');
INSERT INTO pack_car_options(pack_id, car_options_id) VALUES ('12', '242');
INSERT INTO car_option(version, name ,id) VALUES ('0', 'Park Pilot voor & achter','243');
INSERT INTO pack_car_options(pack_id, car_options_id) VALUES ('12', '243');
INSERT INTO car_option(version, name ,id) VALUES ('0', '8 luidsprekers','244');
INSERT INTO pack_car_options(pack_id, car_options_id) VALUES ('12', '244');
INSERT INTO car_option(version, name ,id) VALUES ('0', 'Licht & Zichtmodule (inclusief regensensor)','245');
INSERT INTO pack_car_options(pack_id, car_options_id) VALUES ('12', '245');
INSERT INTO car_option(version, name ,id) VALUES ('0', 'Buitenspiegels elektrisch regelbaar en ontdooibaar','246');
INSERT INTO pack_car_options(pack_id, car_options_id) VALUES ('12', '246');
INSERT INTO car_option(version, name ,id) VALUES ('0', 'Centrale armsteun vooraan','247');
INSERT INTO pack_car_options(pack_id, car_options_id) VALUES ('12', '247');
INSERT INTO car_option(version, name ,id) VALUES ('0', 'LED verlichting van de voetruimte vooraan','248');
INSERT INTO pack_car_options(pack_id, car_options_id) VALUES ('12', '248');
INSERT INTO car_option(version, name ,id) VALUES ('0', 'Zetelbekleding in stof ''Lizard''','249');
INSERT INTO pack_car_options(pack_id, car_options_id) VALUES ('12', '249');
INSERT INTO car_option(version, name ,id) VALUES ('0', 'Zetels vooraan regelbaar in de hoogte','250');
INSERT INTO pack_car_options(pack_id, car_options_id) VALUES ('12', '250');
INSERT INTO car_option(version, name ,id) VALUES ('0', 'Bekerhourders vooraan','251');
INSERT INTO pack_car_options(pack_id, car_options_id) VALUES ('12', '251');
INSERT INTO car_option(version, name ,id) VALUES ('0', 'Vloermatjes voor- en achteraan','252');
INSERT INTO pack_car_options(pack_id, car_options_id) VALUES ('12', '252');
INSERT INTO car_option(version, name ,id) VALUES ('0', 'Indeelbare kofferruimte','253');
INSERT INTO pack_car_options(pack_id, car_options_id) VALUES ('12', '253');
INSERT INTO car_option(version, name ,id) VALUES ('0', 'Rugleuning van de achterbank neerklapbaar 60-40','254');
INSERT INTO pack_car_options(pack_id, car_options_id) VALUES ('12', '254');
INSERT INTO car_option(version, name ,id) VALUES ('0', 'Elektro-mechanische handrem met hill hold/auto hold','255');
INSERT INTO pack_car_options(pack_id, car_options_id) VALUES ('12', '255');
INSERT INTO car_option(version, name ,id) VALUES ('0', 'Coming Home - Leaving Home','256');
INSERT INTO pack_car_options(pack_id, car_options_id) VALUES ('12', '256');
INSERT INTO car_option(version, name ,id) VALUES ('0', 'LED leeslampjes voor- en achteraan','257');
INSERT INTO pack_car_options(pack_id, car_options_id) VALUES ('12', '257');
INSERT INTO car_option(version, name ,id) VALUES ('0', 'Tire Mobility Set','258');
INSERT INTO pack_car_options(pack_id, car_options_id) VALUES ('12', '258');
INSERT INTO car_option(version, name ,id) VALUES ('0', 'Bandendrukkontrole','259');
INSERT INTO pack_car_options(pack_id, car_options_id) VALUES ('12', '259');
INSERT INTO car_option(version, name ,id) VALUES ('0', '"Lichtmetalen velgen 6,5 J x 16"""','260');
INSERT INTO pack_car_options(pack_id, car_options_id) VALUES ('12', '260');
INSERT INTO car_option(version, name ,id) VALUES ('0', 'Vensteromlijsting in chroom','261');
INSERT INTO pack_car_options(pack_id, car_options_id) VALUES ('12', '261');
INSERT INTO car_option(version, name ,id) VALUES ('0', 'Bekerhourders vooraan met afdekking','262');
INSERT INTO pack_car_options(pack_id, car_options_id) VALUES ('12', '262');
INSERT INTO car_option(version, name ,id) VALUES ('0', 'Centrale armsteun achteraan','263');
INSERT INTO pack_car_options(pack_id, car_options_id) VALUES ('12', '263');
INSERT INTO car_option(version, name ,id) VALUES ('0', '"""Comfort""  zetels vooraan"','264');
INSERT INTO pack_car_options(pack_id, car_options_id) VALUES ('12', '264');
INSERT INTO car_option(version, name ,id) VALUES ('0', 'Zetels vooraan met regelbare lendensteun','265');
INSERT INTO pack_car_options(pack_id, car_options_id) VALUES ('12', '265');
INSERT INTO car_option(version, name ,id) VALUES ('0', 'Bestuurderszetel met elekstrisch regelbare lendensteun','266');
INSERT INTO pack_car_options(pack_id, car_options_id) VALUES ('12', '266');
INSERT INTO car_option(version, name ,id) VALUES ('0', 'Bestuurderszetel met ErgoComfort funktie','267');
INSERT INTO pack_car_options(pack_id, car_options_id) VALUES ('12', '267');
INSERT INTO car_option(version, name ,id) VALUES ('0', 'Buitenspiegel kant bestuurder met elektro-chromatische functie','268');
INSERT INTO pack_car_options(pack_id, car_options_id) VALUES ('12', '268');
INSERT INTO car_option(version, name ,id) VALUES ('0', 'GPS Discover Media','269');
INSERT INTO pack_car_options(pack_id, car_options_id) VALUES ('12', '269');
INSERT INTO car_option(version, name ,id) VALUES ('0', '  8 luidsprekers','270');
INSERT INTO pack_car_options(pack_id, car_options_id) VALUES ('12', '270');
INSERT INTO car_option(version, name ,id) VALUES ('0', '"  Navigatie met 5,8"" aanraakscherm"','271');
INSERT INTO pack_car_options(pack_id, car_options_id) VALUES ('12', '271');
INSERT INTO car_option(version, name ,id) VALUES ('0', '  Navigatiegegevens Europa op SD-kaart','272');
INSERT INTO pack_car_options(pack_id, car_options_id) VALUES ('12', '272');
INSERT INTO car_option(version, name ,id) VALUES ('0', '  CD-lezer','273');
INSERT INTO pack_car_options(pack_id, car_options_id) VALUES ('12', '273');
INSERT INTO car_option(version, name ,id) VALUES ('0', '  Aux in, USB, SD','274');
INSERT INTO pack_car_options(pack_id, car_options_id) VALUES ('12', '274');
INSERT INTO car_option(version, name ,id) VALUES ('0', '  Bluetooth connectie (telefoon en audio)','275');
INSERT INTO pack_car_options(pack_id, car_options_id) VALUES ('12', '275');
INSERT INTO car_option(version, name ,id) VALUES ('0', 'Climatronic (3-zones)','276');
INSERT INTO pack_car_options(pack_id, car_options_id) VALUES ('12', '276');
INSERT INTO car_option(version, name ,id) VALUES ('0', 'Boordcomputer PREMIUM','277');
INSERT INTO pack_car_options(pack_id, car_options_id) VALUES ('12', '277');
INSERT INTO car_option(version, name ,id) VALUES ('0', 'Mistlichten','278');
INSERT INTO pack_car_options(pack_id, car_options_id) VALUES ('12', '278');
INSERT INTO car_option(version, name ,id) VALUES ('0', 'Elektrisch inklapbare buitenspiegels','279');
INSERT INTO pack_car_options(pack_id, car_options_id) VALUES ('12', '279');
INSERT INTO car (isdeleted, id,  version, category, emission, fiscalhp, fuel_type, brand, model, pk, delivery_time, ideal_km, max_km, list_price, benefit, amount_upgrade, amount_downgrade, car_type, base_pack_id) VALUES(0,'22','0','3','105','9','DIESEL','VW','Passat berline 1.6 TDI 120 pk DPG BMT comfortline','120','4','140000','180000','30887.44','152.23','3864.12','1363.08','NORMAL','12');
INSERT INTO car_pictures(Car_id, pictures) VALUES('22','http://www.automania.be/files/Image/articles/jpg/VWpassat_r36_db2006au01989_.jpg');
INSERT INTO pack(name, price, version, id) VALUES ('Pack Company Amundsen', '500', '0', '13');
INSERT INTO car_option(version, name ,id) VALUES ('0', 'lederen stuur','280');
INSERT INTO pack_car_options(pack_id, car_options_id) VALUES ('13', '280');
INSERT INTO car_option(version, name ,id) VALUES ('0', 'ESC tractiecontrole','281');
INSERT INTO pack_car_options(pack_id, car_options_id) VALUES ('13', '281');
INSERT INTO car_option(version, name ,id) VALUES ('0', '7 airbags','282');
INSERT INTO pack_car_options(pack_id, car_options_id) VALUES ('13', '282');
INSERT INTO car_option(version, name ,id) VALUES ('0', 'elektrische/verwarmde buitenspiegels','283');
INSERT INTO pack_car_options(pack_id, car_options_id) VALUES ('13', '283');
INSERT INTO car_option(version, name ,id) VALUES ('0', '"aluvelgen 16"" Helix"','284');
INSERT INTO pack_car_options(pack_id, car_options_id) VALUES ('13', '284');
INSERT INTO car_option(version, name ,id) VALUES ('0', 'mistlichten vooraan','285');
INSERT INTO pack_car_options(pack_id, car_options_id) VALUES ('13', '285');
INSERT INTO car_option(version, name ,id) VALUES ('0', 'boordcomputer maxi dot','286');
INSERT INTO pack_car_options(pack_id, car_options_id) VALUES ('13', '286');
INSERT INTO car_option(version, name ,id) VALUES ('0', 'climatronic','287');
INSERT INTO pack_car_options(pack_id, car_options_id) VALUES ('13', '287');
INSERT INTO car_option(version, name ,id) VALUES ('0', 'start stop','288');
INSERT INTO pack_car_options(pack_id, car_options_id) VALUES ('13', '288');
INSERT INTO car_option(version, name ,id) VALUES ('0', 'dakrails','289');
INSERT INTO pack_car_options(pack_id, car_options_id) VALUES ('13', '289');
INSERT INTO car_option(version, name ,id) VALUES ('0', 'cruise control','290');
INSERT INTO pack_car_options(pack_id, car_options_id) VALUES ('13', '290');
INSERT INTO car_option(version, name ,id) VALUES ('0', 'GPS Amundsen','291');
INSERT INTO pack_car_options(pack_id, car_options_id) VALUES ('13', '291');
INSERT INTO car_option(version, name ,id) VALUES ('0', 'boord computer maxi dot','292');
INSERT INTO pack_car_options(pack_id, car_options_id) VALUES ('13', '292');
INSERT INTO car_option(version, name ,id) VALUES ('0', 'multifunktioneel stuur','293');
INSERT INTO pack_car_options(pack_id, car_options_id) VALUES ('13', '293');
INSERT INTO car_option(version, name ,id) VALUES ('0', 'bluetooth','294');
INSERT INTO pack_car_options(pack_id, car_options_id) VALUES ('13', '294');
INSERT INTO car_option(version, name ,id) VALUES ('0', 'vloer tapijten','295');
INSERT INTO pack_car_options(pack_id, car_options_id) VALUES ('13', '295');
INSERT INTO car_option(version, name ,id) VALUES ('0', 'accoustic parking system voor/ achteraan','296');
INSERT INTO pack_car_options(pack_id, car_options_id) VALUES ('13', '296');
INSERT INTO car (isdeleted, id,  version, category, emission, fiscalhp, fuel_type, brand, model, pk, delivery_time, ideal_km, max_km, list_price, benefit, amount_upgrade, amount_downgrade, car_type, base_pack_id) VALUES(0,'23','0','3','113','9','DIESEL','Skoda','Superb Combi 1.6 tdi 105 pk 5v geenline amb','105','4','180000','200000','27853.89','153.20','2877.96','2349.24','BREAK','13');
INSERT INTO car_pictures(Car_id, pictures) VALUES('23','http://i.auto-bild.de/ir_img/1/2/8/4/4/3/8/Skoda-Superb-Combi-IAA-2015-Test-Sitzprobe-1200x800-37be715d570a3384.jpg');
INSERT INTO pack(name, price, version, id) VALUES ('Touran Pack', '500', '0', '14');
INSERT INTO car_option(version, name ,id) VALUES ('0', 'Banden 205/60 R16','297');
INSERT INTO pack_car_options(pack_id, car_options_id) VALUES ('14', '297');
INSERT INTO car_option(version, name ,id) VALUES ('0', 'Buitenspiegelbehuizing in koetswerkkleur  ','298');
INSERT INTO pack_car_options(pack_id, car_options_id) VALUES ('14', '298');
INSERT INTO car_option(version, name ,id) VALUES ('0', 'Bumper in carrosseriekleur ','299');
INSERT INTO pack_car_options(pack_id, car_options_id) VALUES ('14', '299');
INSERT INTO car_option(version, name ,id) VALUES ('0', 'Zwart radiatorrooster met onderste lamel in chroom ','300');
INSERT INTO pack_car_options(pack_id, car_options_id) VALUES ('14', '300');
INSERT INTO car_option(version, name ,id) VALUES ('0', 'LED-kentekenverlichting  ','301');
INSERT INTO pack_car_options(pack_id, car_options_id) VALUES ('14', '301');
INSERT INTO car_option(version, name ,id) VALUES ('0', 'Voorruit, groen athermaan glas ','302');
INSERT INTO pack_car_options(pack_id, car_options_id) VALUES ('14', '302');
INSERT INTO car_option(version, name ,id) VALUES ('0', 'Zwarte dakreling','303');
INSERT INTO pack_car_options(pack_id, car_options_id) VALUES ('14', '303');
INSERT INTO car_option(version, name ,id) VALUES ('0', 'Bestuurderszetel manueel regelbaar in de hoogte ','304');
INSERT INTO pack_car_options(pack_id, car_options_id) VALUES ('14', '304');
INSERT INTO car_option(version, name ,id) VALUES ('0', '3 afzonderlijke zetels op de 2de rij regelbaar','305');
INSERT INTO pack_car_options(pack_id, car_options_id) VALUES ('14', '305');
INSERT INTO car_option(version, name ,id) VALUES ('0', 'afneembare kofferafdekking','306');
INSERT INTO pack_car_options(pack_id, car_options_id) VALUES ('14', '306');
INSERT INTO car_option(version, name ,id) VALUES ('0', 'opbergruimte op dashboard en in dakhemel','307');
INSERT INTO pack_car_options(pack_id, car_options_id) VALUES ('14', '307');
INSERT INTO car_option(version, name ,id) VALUES ('0', 'leeslampen voor en achter','308');
INSERT INTO pack_car_options(pack_id, car_options_id) VALUES ('14', '308');
INSERT INTO car_option(version, name ,id) VALUES ('0', 'Gekoeld handschoenkastje ','309');
INSERT INTO pack_car_options(pack_id, car_options_id) VALUES ('14', '309');
INSERT INTO car_option(version, name ,id) VALUES ('0', '"Inlegplaatjes ""Light Cortina Silver"" "','310');
INSERT INTO pack_car_options(pack_id, car_options_id) VALUES ('14', '310');
INSERT INTO car_option(version, name ,id) VALUES ('0', 'Kofferafdekking met comfortopening  ','311');
INSERT INTO pack_car_options(pack_id, car_options_id) VALUES ('14', '311');
INSERT INTO car_option(version, name ,id) VALUES ('0', 'Met leder bekleed multifunctiestuur, met bedieningsmogelijkheid voor boordcomputer, radio en telefoon ','312');
INSERT INTO pack_car_options(pack_id, car_options_id) VALUES ('14', '312');
INSERT INTO car_option(version, name ,id) VALUES ('0', 'Schakelpookknop met leder bekleed ','313');
INSERT INTO pack_car_options(pack_id, car_options_id) VALUES ('14', '313');
INSERT INTO car_option(version, name ,id) VALUES ('0', 'Stoffen voetmatjes voor- en achterin  ','314');
INSERT INTO pack_car_options(pack_id, car_options_id) VALUES ('14', '314');
INSERT INTO car_option(version, name ,id) VALUES ('0', '"Zetelbekleding in stof ""Charly""  "','315');
INSERT INTO pack_car_options(pack_id, car_options_id) VALUES ('14', '315');
INSERT INTO car_option(version, name ,id) VALUES ('0', 'ESC tractiecontrole','316');
INSERT INTO pack_car_options(pack_id, car_options_id) VALUES ('14', '316');
INSERT INTO car_option(version, name ,id) VALUES ('0', 'Hill Hold Control (wegrijhulp op helling)','317');
INSERT INTO pack_car_options(pack_id, car_options_id) VALUES ('14', '317');
INSERT INTO car_option(version, name ,id) VALUES ('0', 'kinderslot op deuren achteraan','318');
INSERT INTO pack_car_options(pack_id, car_options_id) VALUES ('14', '318');
INSERT INTO car_option(version, name ,id) VALUES ('0', '3-puntsrolgordels achterin ','319');
INSERT INTO pack_car_options(pack_id, car_options_id) VALUES ('14', '319');
INSERT INTO car_option(version, name ,id) VALUES ('0', '3-puntsrolgordels vooraan met gordelspanners en hoogteverstelling ','320');
INSERT INTO pack_car_options(pack_id, car_options_id) VALUES ('14', '320');
INSERT INTO car_option(version, name ,id) VALUES ('0', 'Actieve hoofdsteunen vooraan ','321');
INSERT INTO pack_car_options(pack_id, car_options_id) VALUES ('14', '321');
INSERT INTO car_option(version, name ,id) VALUES ('0', 'Airbags vooraan (uitschakelbaar aan passagierszijde) en knie-airbag voor de bestuurder ','322');
INSERT INTO pack_car_options(pack_id, car_options_id) VALUES ('14', '322');
INSERT INTO car_option(version, name ,id) VALUES ('0', 'Bandenspanning waarschuwingslampje ','323');
INSERT INTO pack_car_options(pack_id, car_options_id) VALUES ('14', '323');
INSERT INTO car_option(version, name ,id) VALUES ('0', '"Elektronisch antidiefstalsysteem ""Transponder"','324');
INSERT INTO pack_car_options(pack_id, car_options_id) VALUES ('14', '324');
INSERT INTO car_option(version, name ,id) VALUES ('0', 'Elektronisch stabiliseringsprogramma (ESP) inkl. ABS, ASR, EDS en MSR 1','325');
INSERT INTO pack_car_options(pack_id, car_options_id) VALUES ('14', '325');
INSERT INTO car_option(version, name ,id) VALUES ('0', 'Isofix-voorbereiding voor kinderzitjes achterin ','326');
INSERT INTO pack_car_options(pack_id, car_options_id) VALUES ('14', '326');
INSERT INTO car_option(version, name ,id) VALUES ('0', 'Zij-airbags vooraan en gordijnairbags voor- en achterin ','327');
INSERT INTO pack_car_options(pack_id, car_options_id) VALUES ('14', '327');
INSERT INTO car_option(version, name ,id) VALUES ('0', '12 volt stopcontact in bagageruimte ','328');
INSERT INTO pack_car_options(pack_id, car_options_id) VALUES ('14', '328');
INSERT INTO car_option(version, name ,id) VALUES ('0', '4 luidsprekers ','329');
INSERT INTO pack_car_options(pack_id, car_options_id) VALUES ('14', '329');
INSERT INTO car_option(version, name ,id) VALUES ('0', 'Adaptieve snelheidsregelaar ACC met « Front Assist », noodremfunctie in de stad en snelheidsbegrenzer','330');
INSERT INTO pack_car_options(pack_id, car_options_id) VALUES ('14', '330');
INSERT INTO car_option(version, name ,id) VALUES ('0', 'Airconditioning ','331');
INSERT INTO pack_car_options(pack_id, car_options_id) VALUES ('14', '331');
INSERT INTO car_option(version, name ,id) VALUES ('0', 'Boordcomputer ''Plus'' ','332');
INSERT INTO pack_car_options(pack_id, car_options_id) VALUES ('14', '332');
INSERT INTO car_option(version, name ,id) VALUES ('0', 'Buitenspiegel bestuurderszijde, asferisch ','333');
INSERT INTO pack_car_options(pack_id, car_options_id) VALUES ('14', '333');
INSERT INTO car_option(version, name ,id) VALUES ('0', 'Buitenspiegels, elektr. verstelbaar, apart verwarmbaar ','334');
INSERT INTO pack_car_options(pack_id, car_options_id) VALUES ('14', '334');
INSERT INTO car_option(version, name ,id) VALUES ('0', 'Centrale vergrendeling met afstandsbediening ','335');
INSERT INTO pack_car_options(pack_id, car_options_id) VALUES ('14', '335');
INSERT INTO car_option(version, name ,id) VALUES ('0', '"Elektronische parkeerrem met ""Auto-Hold"" "','336');
INSERT INTO pack_car_options(pack_id, car_options_id) VALUES ('14', '336');
INSERT INTO car_option(version, name ,id) VALUES ('0', 'Dagrijlichten','337');
INSERT INTO pack_car_options(pack_id, car_options_id) VALUES ('14', '337');
INSERT INTO car_option(version, name ,id) VALUES ('0', 'Interieurluchtfilter met absorptie- koolfilter ','338');
INSERT INTO pack_car_options(pack_id, car_options_id) VALUES ('14', '338');
INSERT INTO car_option(version, name ,id) VALUES ('0', 'Make-up spiegel in de zonnekleppen ','339');
INSERT INTO pack_car_options(pack_id, car_options_id) VALUES ('14', '339');
INSERT INTO car_option(version, name ,id) VALUES ('0', '"Radio ""Composition Touch"" "','340');
INSERT INTO pack_car_options(pack_id, car_options_id) VALUES ('14', '340');
INSERT INTO car_option(version, name ,id) VALUES ('0', 'Start & Stopsysteem met recuperatie van de remenergie ','341');
INSERT INTO pack_car_options(pack_id, car_options_id) VALUES ('14', '341');
INSERT INTO car_option(version, name ,id) VALUES ('0', 'Stuurbekrachtiging, snelheidsafhankelijk (servotronic) ','342');
INSERT INTO pack_car_options(pack_id, car_options_id) VALUES ('14', '342');
INSERT INTO car_option(version, name ,id) VALUES ('0', 'Tire Mobility Set: 12 V compressor en bandenafdichtmiddel ','343');
INSERT INTO pack_car_options(pack_id, car_options_id) VALUES ('14', '343');
INSERT INTO car_option(version, name ,id) VALUES ('0', '7 zitplaatsen','344');
INSERT INTO pack_car_options(pack_id, car_options_id) VALUES ('14', '344');
INSERT INTO car_option(version, name ,id) VALUES ('0', 'Metaalkleur','345');
INSERT INTO pack_car_options(pack_id, car_options_id) VALUES ('14', '345');
INSERT INTO car_option(version, name ,id) VALUES ('0', 'GPS Garmin + bluetooth Nuvi 2599 (onder voorbehoud uitputting model)','346');
INSERT INTO pack_car_options(pack_id, car_options_id) VALUES ('14', '346');
INSERT INTO car (isdeleted, id,  version, category, emission, fiscalhp, fuel_type, brand, model, pk, delivery_time, ideal_km, max_km, list_price, benefit, amount_upgrade, amount_downgrade, car_type, base_pack_id) VALUES(0,'24','0','3','115','9','DIESEL','VW','New Touran 1.6TDI Trendline 110pk BMT 6v','110','5','140000','180000','27937.26','157.65','3669.47','1557.73','MONOVOLUME','14');
INSERT INTO car_pictures(Car_id, pictures) VALUES('24','http://1.bp.blogspot.com/-Zw-D7oD78L4/VPYVRXkleeI/AAAAAAAAtnU/mbjYY2vC4hc/s1600/VW-Touran-New-2555.jpg');
INSERT INTO pack(name, price, version, id) VALUES ('Pack Business @ GPS Discover Media', '500', '0', '15');
INSERT INTO car_option(version, name ,id) VALUES ('0', 'Radiatorrooster met horizontale lijsten in zwart','347');
INSERT INTO pack_car_options(pack_id, car_options_id) VALUES ('15', '347');
INSERT INTO car_option(version, name ,id) VALUES ('0', 'Bumpers in koetswerkkleur','348');
INSERT INTO pack_car_options(pack_id, car_options_id) VALUES ('15', '348');
INSERT INTO car_option(version, name ,id) VALUES ('0', 'Deurhandgrepen in koetswerkkleur','349');
INSERT INTO pack_car_options(pack_id, car_options_id) VALUES ('15', '349');
INSERT INTO car_option(version, name ,id) VALUES ('0', 'Zijdelingse beschermlijsten in het zwart','350');
INSERT INTO pack_car_options(pack_id, car_options_id) VALUES ('15', '350');
INSERT INTO car_option(version, name ,id) VALUES ('0', 'Kentekenverlichting in LED-techniek','351');
INSERT INTO pack_car_options(pack_id, car_options_id) VALUES ('15', '351');
INSERT INTO car_option(version, name ,id) VALUES ('0', 'Achterbank : asymetrisch neerklapbaar, ','352');
INSERT INTO pack_car_options(pack_id, car_options_id) VALUES ('15', '352');
INSERT INTO car_option(version, name ,id) VALUES ('0', 'centrale armsteun voor en achter','353');
INSERT INTO pack_car_options(pack_id, car_options_id) VALUES ('15', '353');
INSERT INTO car_option(version, name ,id) VALUES ('0', 'Bestuurderszetel manueel regelbaar in de hoogte','354');
INSERT INTO pack_car_options(pack_id, car_options_id) VALUES ('15', '354');
INSERT INTO car_option(version, name ,id) VALUES ('0', 'Handschoenenkastje : ','355');
INSERT INTO pack_car_options(pack_id, car_options_id) VALUES ('15', '355');
INSERT INTO car_option(version, name ,id) VALUES ('0', 'verlicht en afsluitbaar aan de passagierszijde','356');
INSERT INTO pack_car_options(pack_id, car_options_id) VALUES ('15', '356');
INSERT INTO car_option(version, name ,id) VALUES ('0', 'Kofferruimteafdekking : verglijdbaar en uitschuifbaar','357');
INSERT INTO pack_car_options(pack_id, car_options_id) VALUES ('15', '357');
INSERT INTO car_option(version, name ,id) VALUES ('0', 'Boordcomputer','358');
INSERT INTO pack_car_options(pack_id, car_options_id) VALUES ('15', '358');
INSERT INTO car_option(version, name ,id) VALUES ('0', '2 leeslapjes vooraan','359');
INSERT INTO pack_car_options(pack_id, car_options_id) VALUES ('15', '359');
INSERT INTO car_option(version, name ,id) VALUES ('0', 'Lederen multifunctiestuur','360');
INSERT INTO pack_car_options(pack_id, car_options_id) VALUES ('15', '360');
INSERT INTO car_option(version, name ,id) VALUES ('0', 'Lendensteunregeling zetels vooraan','361');
INSERT INTO pack_car_options(pack_id, car_options_id) VALUES ('15', '361');
INSERT INTO car_option(version, name ,id) VALUES ('0', '"Alu velgen 16"" Dover"','362');
INSERT INTO pack_car_options(pack_id, car_options_id) VALUES ('15', '362');
INSERT INTO car_option(version, name ,id) VALUES ('0', 'Mistlampen vooraan','363');
INSERT INTO pack_car_options(pack_id, car_options_id) VALUES ('15', '363');
INSERT INTO car_option(version, name ,id) VALUES ('0', 'Adaptieve cruise control','364');
INSERT INTO pack_car_options(pack_id, car_options_id) VALUES ('15', '364');
INSERT INTO car_option(version, name ,id) VALUES ('0', '4 electrische ruiten','365');
INSERT INTO pack_car_options(pack_id, car_options_id) VALUES ('15', '365');
INSERT INTO car_option(version, name ,id) VALUES ('0', 'Front Assist','366');
INSERT INTO pack_car_options(pack_id, car_options_id) VALUES ('15', '366');
INSERT INTO car_option(version, name ,id) VALUES ('0', 'Bandenspanningscontrole (standaard)','367');
INSERT INTO pack_car_options(pack_id, car_options_id) VALUES ('15', '367');
INSERT INTO car_option(version, name ,id) VALUES ('0', 'Alcantara bekleding','368');
INSERT INTO pack_car_options(pack_id, car_options_id) VALUES ('15', '368');
INSERT INTO car_option(version, name ,id) VALUES ('0', 'Handschoenenkastje met airco ','369');
INSERT INTO pack_car_options(pack_id, car_options_id) VALUES ('15', '369');
INSERT INTO car_option(version, name ,id) VALUES ('0', 'knieairbag bestuurder ','370');
INSERT INTO pack_car_options(pack_id, car_options_id) VALUES ('15', '370');
INSERT INTO car_option(version, name ,id) VALUES ('0', 'Anti-multicrash functie','371');
INSERT INTO pack_car_options(pack_id, car_options_id) VALUES ('15', '371');
INSERT INTO car_option(version, name ,id) VALUES ('0', 'Climatronic (automatische airco)','372');
INSERT INTO pack_car_options(pack_id, car_options_id) VALUES ('15', '372');
INSERT INTO car_option(version, name ,id) VALUES ('0', '8 luidsprekers','373');
INSERT INTO pack_car_options(pack_id, car_options_id) VALUES ('15', '373');
INSERT INTO car_option(version, name ,id) VALUES ('0', '"Navigatie met 5,8"" aanraakscherm"','374');
INSERT INTO pack_car_options(pack_id, car_options_id) VALUES ('15', '374');
INSERT INTO car_option(version, name ,id) VALUES ('0', 'CD-lezer','375');
INSERT INTO pack_car_options(pack_id, car_options_id) VALUES ('15', '375');
INSERT INTO car_option(version, name ,id) VALUES ('0', 'Aux in, USB, SD','376');
INSERT INTO pack_car_options(pack_id, car_options_id) VALUES ('15', '376');
INSERT INTO car_option(version, name ,id) VALUES ('0', 'Bluetooth connectie (telefoon en audio)','377');
INSERT INTO pack_car_options(pack_id, car_options_id) VALUES ('15', '377');
INSERT INTO car_option(version, name ,id) VALUES ('0', 'Dakrails','378');
INSERT INTO pack_car_options(pack_id, car_options_id) VALUES ('15', '378');
INSERT INTO car_option(version, name ,id) VALUES ('0', 'Parkeersensoren voor en achter','379');
INSERT INTO pack_car_options(pack_id, car_options_id) VALUES ('15', '379');
INSERT INTO car_option(version, name ,id) VALUES ('0', 'USB-aansluiting','380');
INSERT INTO pack_car_options(pack_id, car_options_id) VALUES ('15', '380');
INSERT INTO car_option(version, name ,id) VALUES ('0', 'Opbergmodule: opbergvakken onder voorzetels + rugzijde voorzetel','381');
INSERT INTO pack_car_options(pack_id, car_options_id) VALUES ('15', '381');
INSERT INTO car_option(version, name ,id) VALUES ('0', 'klaptafeltje op rugleuning voorzetel ','382');
INSERT INTO pack_car_options(pack_id, car_options_id) VALUES ('15', '382');
INSERT INTO car_option(version, name ,id) VALUES ('0', 'Vloermatten highline voor en achter','383');
INSERT INTO pack_car_options(pack_id, car_options_id) VALUES ('15', '383');
INSERT INTO car_option(version, name ,id) VALUES ('0', 'Vermoeidheidsdedector','384');
INSERT INTO pack_car_options(pack_id, car_options_id) VALUES ('15', '384');
INSERT INTO car (isdeleted, id,  version, category, emission, fiscalhp, fuel_type, brand, model, pk, delivery_time, ideal_km, max_km, list_price, benefit, amount_upgrade, amount_downgrade, car_type, base_pack_id) VALUES(0,'25','0','4','101','9','DIESEL','VW','Golf Sportsvan 1.6 CRTDI 110 Highline','110','4','140000','180000','29234.32','135.73','761.58','5046.42','NORMAL','15');
INSERT INTO car_pictures(Car_id, pictures) VALUES('25','http://media.caranddriver.com/images/13q3/524203/volkswagen-golf-sportsvan-concept-photos-and-info-news-car-and-driver-photo-535911-s-429x262.jpg');
INSERT INTO pack(name, price, version, id) VALUES ('Pack Business gps rns315 / pre gsm', '500', '0', '16');
INSERT INTO car_option(version, name ,id) VALUES ('0', '"4 stalen velgen 6,5J x 16"" met banden 205/55 R 16"','385');
INSERT INTO pack_car_options(pack_id, car_options_id) VALUES ('16', '385');
INSERT INTO car_option(version, name ,id) VALUES ('0', 'Kentekenverlichting in LED-techniek  ','386');
INSERT INTO pack_car_options(pack_id, car_options_id) VALUES ('16', '386');
INSERT INTO car_option(version, name ,id) VALUES ('0', 'Achterlichten in LED-techniek','387');
INSERT INTO pack_car_options(pack_id, car_options_id) VALUES ('16', '387');
INSERT INTO car_option(version, name ,id) VALUES ('0', 'Black Pyramid inlegplaatjes','388');
INSERT INTO pack_car_options(pack_id, car_options_id) VALUES ('16', '388');
INSERT INTO car_option(version, name ,id) VALUES ('0', 'Lendesteunregeling in de voorzetels','389');
INSERT INTO pack_car_options(pack_id, car_options_id) VALUES ('16', '389');
INSERT INTO car_option(version, name ,id) VALUES ('0', 'Achterbank neerklapbaar in twee delen','390');
INSERT INTO pack_car_options(pack_id, car_options_id) VALUES ('16', '390');
INSERT INTO car_option(version, name ,id) VALUES ('0', 'Leeslampjes (2) vooraan omlijst in chroom en','391');
INSERT INTO pack_car_options(pack_id, car_options_id) VALUES ('16', '391');
INSERT INTO car_option(version, name ,id) VALUES ('0', ' 2 leeslampjes achteraan','392');
INSERT INTO pack_car_options(pack_id, car_options_id) VALUES ('16', '392');
INSERT INTO car_option(version, name ,id) VALUES ('0', 'Chroom pack : luchtroosters en lichtschakelaar','393');
INSERT INTO pack_car_options(pack_id, car_options_id) VALUES ('16', '393');
INSERT INTO car_option(version, name ,id) VALUES ('0', ' met gechromeerde ring','394');
INSERT INTO pack_car_options(pack_id, car_options_id) VALUES ('16', '394');
INSERT INTO car_option(version, name ,id) VALUES ('0', 'Lederen stuurwiel(3-spaaks) met aluminiuminleg','395');
INSERT INTO pack_car_options(pack_id, car_options_id) VALUES ('16', '395');
INSERT INTO car_option(version, name ,id) VALUES ('0', 'Boordcomputer','396');
INSERT INTO pack_car_options(pack_id, car_options_id) VALUES ('16', '396');
INSERT INTO car_option(version, name ,id) VALUES ('0', 'Cruise Control','397');
INSERT INTO pack_car_options(pack_id, car_options_id) VALUES ('16', '397');
INSERT INTO car_option(version, name ,id) VALUES ('0', 'Radio/Navigatie RNS315','398');
INSERT INTO pack_car_options(pack_id, car_options_id) VALUES ('16', '398');
INSERT INTO car_option(version, name ,id) VALUES ('0', 'Climatronic','399');
INSERT INTO pack_car_options(pack_id, car_options_id) VALUES ('16', '399');
INSERT INTO car_option(version, name ,id) VALUES ('0', 'Multifunctiestuur in leder','400');
INSERT INTO pack_car_options(pack_id, car_options_id) VALUES ('16', '400');
INSERT INTO car (isdeleted, id,  version, category, emission, fiscalhp, fuel_type, brand, model, pk, delivery_time, ideal_km, max_km, list_price, benefit, amount_upgrade, amount_downgrade, car_type, base_pack_id) VALUES(0,'26','0','4','105','9','DIESEL','VW','Jetta Comfortline 2.0 tdi 110pk 5v BMT','110','5','140000','180000','28034.71','138.17','1196.12','4611.88','NORMAL','16');
INSERT INTO car_pictures(Car_id, pictures) VALUES('26','https://i.ytimg.com/vi/viJ97HUSidk/maxresdefault.jpg');
INSERT INTO pack(name, price, version, id) VALUES ('Pack Elegance Amundsen', '500', '0', '17');
INSERT INTO car_option(version, name ,id) VALUES ('0', '7 Airbags','401');
INSERT INTO pack_car_options(pack_id, car_options_id) VALUES ('17', '401');
INSERT INTO car_option(version, name ,id) VALUES ('0', 'ESC','402');
INSERT INTO pack_car_options(pack_id, car_options_id) VALUES ('17', '402');
INSERT INTO car_option(version, name ,id) VALUES ('0', 'Bandenspanningscontrole','403');
INSERT INTO pack_car_options(pack_id, car_options_id) VALUES ('17', '403');
INSERT INTO car_option(version, name ,id) VALUES ('0', 'Electronische airco.','404');
INSERT INTO pack_car_options(pack_id, car_options_id) VALUES ('17', '404');
INSERT INTO car_option(version, name ,id) VALUES ('0', 'Snelheidsregelaar','405');
INSERT INTO pack_car_options(pack_id, car_options_id) VALUES ('17', '405');
INSERT INTO car_option(version, name ,id) VALUES ('0', 'Parking distance control voor-en achteraan','406');
INSERT INTO pack_car_options(pack_id, car_options_id) VALUES ('17', '406');
INSERT INTO car_option(version, name ,id) VALUES ('0', 'Regen-en lichtsensor','407');
INSERT INTO pack_car_options(pack_id, car_options_id) VALUES ('17', '407');
INSERT INTO car_option(version, name ,id) VALUES ('0', 'Xenonlampen','408');
INSERT INTO pack_car_options(pack_id, car_options_id) VALUES ('17', '408');
INSERT INTO car_option(version, name ,id) VALUES ('0', 'LED-dagrijlichten','409');
INSERT INTO pack_car_options(pack_id, car_options_id) VALUES ('17', '409');
INSERT INTO car_option(version, name ,id) VALUES ('0', '"16"" lichtmetalen velgen"','410');
INSERT INTO pack_car_options(pack_id, car_options_id) VALUES ('17', '410');
INSERT INTO car_option(version, name ,id) VALUES ('0', 'Verwarmde voorzetels','411');
INSERT INTO pack_car_options(pack_id, car_options_id) VALUES ('17', '411');
INSERT INTO car_option(version, name ,id) VALUES ('0', 'Leder interieur','412');
INSERT INTO pack_car_options(pack_id, car_options_id) VALUES ('17', '412');
INSERT INTO car_option(version, name ,id) VALUES ('0', 'Electrisch regelbare zetels','413');
INSERT INTO pack_car_options(pack_id, car_options_id) VALUES ('17', '413');
INSERT INTO car_option(version, name ,id) VALUES ('0', 'Inlegplaatjes in hout','414');
INSERT INTO pack_car_options(pack_id, car_options_id) VALUES ('17', '414');
INSERT INTO car_option(version, name ,id) VALUES ('0', 'Tapijten','415');
INSERT INTO pack_car_options(pack_id, car_options_id) VALUES ('17', '415');
INSERT INTO car_option(version, name ,id) VALUES ('0', 'Spiegels met automatische dimfunctie','416');
INSERT INTO pack_car_options(pack_id, car_options_id) VALUES ('17', '416');
INSERT INTO car_option(version, name ,id) VALUES ('0', 'Verwarmde achterzetels','417');
INSERT INTO pack_car_options(pack_id, car_options_id) VALUES ('17', '417');
INSERT INTO car_option(version, name ,id) VALUES ('0', 'GPS met kaarten van west-Europa','418');
INSERT INTO pack_car_options(pack_id, car_options_id) VALUES ('17', '418');
INSERT INTO car_option(version, name ,id) VALUES ('0', 'Semi-automatisch parkeersysteem','419');
INSERT INTO pack_car_options(pack_id, car_options_id) VALUES ('17', '419');
INSERT INTO car_option(version, name ,id) VALUES ('0', 'Bluetooth','420');
INSERT INTO pack_car_options(pack_id, car_options_id) VALUES ('17', '420');
INSERT INTO car (isdeleted, id,  version, category, emission, fiscalhp, fuel_type, brand, model, pk, delivery_time, ideal_km, max_km, list_price, benefit, amount_upgrade, amount_downgrade, car_type, base_pack_id) VALUES(0,'27','0','4','109','9','DIESEL','Skoda','Superb Greenline elegance 1.6 tdi 105 pk','105','4','180000','200000','29652.19','154.61','1524.15','4283.85','NORMAL','17');
INSERT INTO car_pictures(Car_id, pictures) VALUES('27','http://srv2.betterparts.org/images/skoda-superb-greenline-06.jpg');
INSERT INTO pack(name, price, version, id) VALUES ('Business Media Pack ', '500', '0', '18');
INSERT INTO car_option(version, name ,id) VALUES ('0', 'Front Assist','421');
INSERT INTO pack_car_options(pack_id, car_options_id) VALUES ('18', '421');
INSERT INTO car_option(version, name ,id) VALUES ('0', 'Adaptive Cruise Control','422');
INSERT INTO pack_car_options(pack_id, car_options_id) VALUES ('18', '422');
INSERT INTO car_option(version, name ,id) VALUES ('0', 'City Emergency Brake','423');
INSERT INTO pack_car_options(pack_id, car_options_id) VALUES ('18', '423');
INSERT INTO car_option(version, name ,id) VALUES ('0', 'Multi-collision Control','424');
INSERT INTO pack_car_options(pack_id, car_options_id) VALUES ('18', '424');
INSERT INTO car_option(version, name ,id) VALUES ('0', 'Vermoeidheidsdetectie','425');
INSERT INTO pack_car_options(pack_id, car_options_id) VALUES ('18', '425');
INSERT INTO car_option(version, name ,id) VALUES ('0', 'Keyless Go','426');
INSERT INTO pack_car_options(pack_id, car_options_id) VALUES ('18', '426');
INSERT INTO car_option(version, name ,id) VALUES ('0', 'Lederen multifunctiestuur','427');
INSERT INTO pack_car_options(pack_id, car_options_id) VALUES ('18', '427');
INSERT INTO car_option(version, name ,id) VALUES ('0', 'Boordcomputer Plus','428');
INSERT INTO pack_car_options(pack_id, car_options_id) VALUES ('18', '428');
INSERT INTO car_option(version, name ,id) VALUES ('0', 'Park Pilot voor & achter','429');
INSERT INTO pack_car_options(pack_id, car_options_id) VALUES ('18', '429');
INSERT INTO car_option(version, name ,id) VALUES ('0', '8 luidsprekers','430');
INSERT INTO pack_car_options(pack_id, car_options_id) VALUES ('18', '430');
INSERT INTO car_option(version, name ,id) VALUES ('0', 'Licht & Zichtmodule (inclusief regensensor)','431');
INSERT INTO pack_car_options(pack_id, car_options_id) VALUES ('18', '431');
INSERT INTO car_option(version, name ,id) VALUES ('0', 'Buitenspiegels elektrisch regelbaar en ontdooibaar','432');
INSERT INTO pack_car_options(pack_id, car_options_id) VALUES ('18', '432');
INSERT INTO car_option(version, name ,id) VALUES ('0', 'Centrale armsteun vooraan','433');
INSERT INTO pack_car_options(pack_id, car_options_id) VALUES ('18', '433');
INSERT INTO car_option(version, name ,id) VALUES ('0', 'LED verlichting van de voetruimte vooraan','434');
INSERT INTO pack_car_options(pack_id, car_options_id) VALUES ('18', '434');
INSERT INTO car_option(version, name ,id) VALUES ('0', 'Zetelbekleding in stof ''Lizard''','435');
INSERT INTO pack_car_options(pack_id, car_options_id) VALUES ('18', '435');
INSERT INTO car_option(version, name ,id) VALUES ('0', 'Zetels vooraan regelbaar in de hoogte','436');
INSERT INTO pack_car_options(pack_id, car_options_id) VALUES ('18', '436');
INSERT INTO car_option(version, name ,id) VALUES ('0', 'Bekerhourders vooraan','437');
INSERT INTO pack_car_options(pack_id, car_options_id) VALUES ('18', '437');
INSERT INTO car_option(version, name ,id) VALUES ('0', 'Vloermatjes voor- en achteraan','438');
INSERT INTO pack_car_options(pack_id, car_options_id) VALUES ('18', '438');
INSERT INTO car_option(version, name ,id) VALUES ('0', 'Indeelbare kofferruimte','439');
INSERT INTO pack_car_options(pack_id, car_options_id) VALUES ('18', '439');
INSERT INTO car_option(version, name ,id) VALUES ('0', 'Rugleuning van de achterbank neerklapbaar 60-40','440');
INSERT INTO pack_car_options(pack_id, car_options_id) VALUES ('18', '440');
INSERT INTO car_option(version, name ,id) VALUES ('0', 'Elektro-mechanische handrem met hill hold/auto hold','441');
INSERT INTO pack_car_options(pack_id, car_options_id) VALUES ('18', '441');
INSERT INTO car_option(version, name ,id) VALUES ('0', 'Coming Home - Leaving Home','442');
INSERT INTO pack_car_options(pack_id, car_options_id) VALUES ('18', '442');
INSERT INTO car_option(version, name ,id) VALUES ('0', 'LED leeslampjes voor- en achteraan','443');
INSERT INTO pack_car_options(pack_id, car_options_id) VALUES ('18', '443');
INSERT INTO car_option(version, name ,id) VALUES ('0', 'Tire Mobility Set','444');
INSERT INTO pack_car_options(pack_id, car_options_id) VALUES ('18', '444');
INSERT INTO car_option(version, name ,id) VALUES ('0', 'Bandendrukkontrole','445');
INSERT INTO pack_car_options(pack_id, car_options_id) VALUES ('18', '445');
INSERT INTO car_option(version, name ,id) VALUES ('0', '"Lichtmetalen velgen 6,5 J x 16"""','446');
INSERT INTO pack_car_options(pack_id, car_options_id) VALUES ('18', '446');
INSERT INTO car_option(version, name ,id) VALUES ('0', 'Vensteromlijsting in chroom','447');
INSERT INTO pack_car_options(pack_id, car_options_id) VALUES ('18', '447');
INSERT INTO car_option(version, name ,id) VALUES ('0', 'Bekerhourders vooraan met afdekking','448');
INSERT INTO pack_car_options(pack_id, car_options_id) VALUES ('18', '448');
INSERT INTO car_option(version, name ,id) VALUES ('0', 'Centrale armsteun achteraan','449');
INSERT INTO pack_car_options(pack_id, car_options_id) VALUES ('18', '449');
INSERT INTO car_option(version, name ,id) VALUES ('0', '"""Comfort""  zetels vooraan"','450');
INSERT INTO pack_car_options(pack_id, car_options_id) VALUES ('18', '450');
INSERT INTO car_option(version, name ,id) VALUES ('0', 'Zetels vooraan met regelbare lendensteun','451');
INSERT INTO pack_car_options(pack_id, car_options_id) VALUES ('18', '451');
INSERT INTO car_option(version, name ,id) VALUES ('0', 'Bestuurderszetel met elekstrisch regelbare lendensteun','452');
INSERT INTO pack_car_options(pack_id, car_options_id) VALUES ('18', '452');
INSERT INTO car_option(version, name ,id) VALUES ('0', 'Bestuurderszetel met ErgoComfort funktie','453');
INSERT INTO pack_car_options(pack_id, car_options_id) VALUES ('18', '453');
INSERT INTO car_option(version, name ,id) VALUES ('0', 'Buitenspiegel kant bestuurder met elektro-chromatische functie','454');
INSERT INTO pack_car_options(pack_id, car_options_id) VALUES ('18', '454');
INSERT INTO car_option(version, name ,id) VALUES ('0', 'GPS Discover Media','455');
INSERT INTO pack_car_options(pack_id, car_options_id) VALUES ('18', '455');
INSERT INTO car_option(version, name ,id) VALUES ('0', '  8 luidsprekers','456');
INSERT INTO pack_car_options(pack_id, car_options_id) VALUES ('18', '456');
INSERT INTO car_option(version, name ,id) VALUES ('0', '"  Navigatie met 5,8"" aanraakscherm"','457');
INSERT INTO pack_car_options(pack_id, car_options_id) VALUES ('18', '457');
INSERT INTO car_option(version, name ,id) VALUES ('0', '  Navigatiegegevens Europa op SD-kaart','458');
INSERT INTO pack_car_options(pack_id, car_options_id) VALUES ('18', '458');
INSERT INTO car_option(version, name ,id) VALUES ('0', '  CD-lezer','459');
INSERT INTO pack_car_options(pack_id, car_options_id) VALUES ('18', '459');
INSERT INTO car_option(version, name ,id) VALUES ('0', '  Aux in, USB, SD','460');
INSERT INTO pack_car_options(pack_id, car_options_id) VALUES ('18', '460');
INSERT INTO car_option(version, name ,id) VALUES ('0', '  Bluetooth connectie (telefoon en audio)','461');
INSERT INTO pack_car_options(pack_id, car_options_id) VALUES ('18', '461');
INSERT INTO car_option(version, name ,id) VALUES ('0', 'Climatronic (3-zones)','462');
INSERT INTO pack_car_options(pack_id, car_options_id) VALUES ('18', '462');
INSERT INTO car_option(version, name ,id) VALUES ('0', 'Boordcomputer PREMIUM','463');
INSERT INTO pack_car_options(pack_id, car_options_id) VALUES ('18', '463');
INSERT INTO car_option(version, name ,id) VALUES ('0', 'Rear View','464');
INSERT INTO pack_car_options(pack_id, car_options_id) VALUES ('18', '464');
INSERT INTO car_option(version, name ,id) VALUES ('0', 'Mistlichten','465');
INSERT INTO pack_car_options(pack_id, car_options_id) VALUES ('18', '465');
INSERT INTO car_option(version, name ,id) VALUES ('0', 'Elektrisch inklapbare buitenspiegels','466');
INSERT INTO pack_car_options(pack_id, car_options_id) VALUES ('18', '466');
INSERT INTO car (isdeleted, id,  version, category, emission, fiscalhp, fuel_type, brand, model, pk, delivery_time, ideal_km, max_km, list_price, benefit, amount_upgrade, amount_downgrade, car_type, base_pack_id) VALUES(0,'28','0','4','107','9','DIESEL','VW','Passat Variant 1.6 tdi 120 pk Comfortline','120','4','140000','180000','32852.07','166.61','3657.14','2150.86','BREAK','18');
INSERT INTO car_pictures(Car_id, pictures) VALUES('28','https://i.ytimg.com/vi/ynf1UPuM8w4/maxresdefault.jpg');
INSERT INTO pack(name, price, version, id) VALUES ('Touran Trendline Pack', '500', '0', '19');
INSERT INTO car_option(version, name ,id) VALUES ('0', 'Banden 205/60 R16','467');
INSERT INTO pack_car_options(pack_id, car_options_id) VALUES ('19', '467');
INSERT INTO car_option(version, name ,id) VALUES ('0', 'Buitenspiegelbehuizing in koetswerkkleur  ','468');
INSERT INTO pack_car_options(pack_id, car_options_id) VALUES ('19', '468');
INSERT INTO car_option(version, name ,id) VALUES ('0', 'Bumper in carrosseriekleur ','469');
INSERT INTO pack_car_options(pack_id, car_options_id) VALUES ('19', '469');
INSERT INTO car_option(version, name ,id) VALUES ('0', 'Zwart radiatorrooster met onderste lamel in chroom ','470');
INSERT INTO pack_car_options(pack_id, car_options_id) VALUES ('19', '470');
INSERT INTO car_option(version, name ,id) VALUES ('0', 'LED-kentekenverlichting  ','471');
INSERT INTO pack_car_options(pack_id, car_options_id) VALUES ('19', '471');
INSERT INTO car_option(version, name ,id) VALUES ('0', 'Voorruit, groen athermaan glas ','472');
INSERT INTO pack_car_options(pack_id, car_options_id) VALUES ('19', '472');
INSERT INTO car_option(version, name ,id) VALUES ('0', 'Zwarte dakreling','473');
INSERT INTO pack_car_options(pack_id, car_options_id) VALUES ('19', '473');
INSERT INTO car_option(version, name ,id) VALUES ('0', 'Bestuurderszetel manueel regelbaar in de hoogte ','474');
INSERT INTO pack_car_options(pack_id, car_options_id) VALUES ('19', '474');
INSERT INTO car_option(version, name ,id) VALUES ('0', '3 afzonderlijke zetels op de 2de rij regelbaar','475');
INSERT INTO pack_car_options(pack_id, car_options_id) VALUES ('19', '475');
INSERT INTO car_option(version, name ,id) VALUES ('0', 'Gekoeld handschoenkastje ','476');
INSERT INTO pack_car_options(pack_id, car_options_id) VALUES ('19', '476');
INSERT INTO car_option(version, name ,id) VALUES ('0', '"Inlegplaatjes ""Light Cortina Silver"" "','477');
INSERT INTO pack_car_options(pack_id, car_options_id) VALUES ('19', '477');
INSERT INTO car_option(version, name ,id) VALUES ('0', 'Kofferafdekking met comfortopening  ','478');
INSERT INTO pack_car_options(pack_id, car_options_id) VALUES ('19', '478');
INSERT INTO car_option(version, name ,id) VALUES ('0', 'Met leder bekleed multifunctiestuur, met bedieningsmogelijkheid voor boordcomputer, radio en telefoon ','479');
INSERT INTO pack_car_options(pack_id, car_options_id) VALUES ('19', '479');
INSERT INTO car_option(version, name ,id) VALUES ('0', 'Schakelpookknop met leder bekleed ','480');
INSERT INTO pack_car_options(pack_id, car_options_id) VALUES ('19', '480');
INSERT INTO car_option(version, name ,id) VALUES ('0', 'Stoffen voetmatjes voor- en achterin  ','481');
INSERT INTO pack_car_options(pack_id, car_options_id) VALUES ('19', '481');
INSERT INTO car_option(version, name ,id) VALUES ('0', '"Zetelbekleding in stof ""Charly""  "','482');
INSERT INTO pack_car_options(pack_id, car_options_id) VALUES ('19', '482');
INSERT INTO car_option(version, name ,id) VALUES ('0', '3-puntsrolgordels achterin ','483');
INSERT INTO pack_car_options(pack_id, car_options_id) VALUES ('19', '483');
INSERT INTO car_option(version, name ,id) VALUES ('0', '3-puntsrolgordels vooraan met gordelspanners en hoogteverstelling ','484');
INSERT INTO pack_car_options(pack_id, car_options_id) VALUES ('19', '484');
INSERT INTO car_option(version, name ,id) VALUES ('0', 'Actieve hoofdsteunen vooraan ','485');
INSERT INTO pack_car_options(pack_id, car_options_id) VALUES ('19', '485');
INSERT INTO car_option(version, name ,id) VALUES ('0', 'Airbags vooraan (uitschakelbaar aan passagierszijde) en knie-airbag voor de bestuurder ','486');
INSERT INTO pack_car_options(pack_id, car_options_id) VALUES ('19', '486');
INSERT INTO car_option(version, name ,id) VALUES ('0', 'Bandenspanning waarschuwingslampje ','487');
INSERT INTO pack_car_options(pack_id, car_options_id) VALUES ('19', '487');
INSERT INTO car_option(version, name ,id) VALUES ('0', '"Elektronisch antidiefstalsysteem ""Transponder"','488');
INSERT INTO pack_car_options(pack_id, car_options_id) VALUES ('19', '488');
INSERT INTO car_option(version, name ,id) VALUES ('0', 'Elektronisch stabiliseringsprogramma (ESP) inkl. ABS, ASR, EDS en MSR 1','489');
INSERT INTO pack_car_options(pack_id, car_options_id) VALUES ('19', '489');
INSERT INTO car_option(version, name ,id) VALUES ('0', 'Isofix-voorbereiding voor kinderzitjes achterin ','490');
INSERT INTO pack_car_options(pack_id, car_options_id) VALUES ('19', '490');
INSERT INTO car_option(version, name ,id) VALUES ('0', 'Zij-airbags vooraan en gordijnairbags voor- en achterin ','491');
INSERT INTO pack_car_options(pack_id, car_options_id) VALUES ('19', '491');
INSERT INTO car_option(version, name ,id) VALUES ('0', '12 volt stopcontact in bagageruimte ','492');
INSERT INTO pack_car_options(pack_id, car_options_id) VALUES ('19', '492');
INSERT INTO car_option(version, name ,id) VALUES ('0', '4 luidsprekers ','493');
INSERT INTO pack_car_options(pack_id, car_options_id) VALUES ('19', '493');
INSERT INTO car_option(version, name ,id) VALUES ('0', 'Adaptieve snelheidsregelaar ACC met « Front Assist », noodremfunctie in de stad en snelheidsbegrenzer','494');
INSERT INTO pack_car_options(pack_id, car_options_id) VALUES ('19', '494');
INSERT INTO car_option(version, name ,id) VALUES ('0', 'Airconditioning ','495');
INSERT INTO pack_car_options(pack_id, car_options_id) VALUES ('19', '495');
INSERT INTO car_option(version, name ,id) VALUES ('0', 'Boordcomputer ''Plus'' ','496');
INSERT INTO pack_car_options(pack_id, car_options_id) VALUES ('19', '496');
INSERT INTO car_option(version, name ,id) VALUES ('0', 'Buitenspiegel bestuurderszijde, asferisch ','497');
INSERT INTO pack_car_options(pack_id, car_options_id) VALUES ('19', '497');
INSERT INTO car_option(version, name ,id) VALUES ('0', 'Buitenspiegels, elektr. verstelbaar, apart verwarmbaar ','498');
INSERT INTO pack_car_options(pack_id, car_options_id) VALUES ('19', '498');
INSERT INTO car_option(version, name ,id) VALUES ('0', 'Centrale vergrendeling met afstandsbediening ','499');
INSERT INTO pack_car_options(pack_id, car_options_id) VALUES ('19', '499');
INSERT INTO car_option(version, name ,id) VALUES ('0', '"Elektronische parkeerrem met ""Auto-Hold"" "','500');
INSERT INTO pack_car_options(pack_id, car_options_id) VALUES ('19', '500');
INSERT INTO car_option(version, name ,id) VALUES ('0', 'Dagrijlichten','501');
INSERT INTO pack_car_options(pack_id, car_options_id) VALUES ('19', '501');
INSERT INTO car_option(version, name ,id) VALUES ('0', 'Interieurluchtfilter met absorptie- koolfilter ','502');
INSERT INTO pack_car_options(pack_id, car_options_id) VALUES ('19', '502');
INSERT INTO car_option(version, name ,id) VALUES ('0', 'Make-up spiegel in de zonnekleppen ','503');
INSERT INTO pack_car_options(pack_id, car_options_id) VALUES ('19', '503');
INSERT INTO car_option(version, name ,id) VALUES ('0', '"Radio ""Composition Touch"" "','504');
INSERT INTO pack_car_options(pack_id, car_options_id) VALUES ('19', '504');
INSERT INTO car_option(version, name ,id) VALUES ('0', 'Start & Stopsysteem met recuperatie van de remenergie ','505');
INSERT INTO pack_car_options(pack_id, car_options_id) VALUES ('19', '505');
INSERT INTO car_option(version, name ,id) VALUES ('0', 'Stuurbekrachtiging, snelheidsafhankelijk (servotronic) ','506');
INSERT INTO pack_car_options(pack_id, car_options_id) VALUES ('19', '506');
INSERT INTO car_option(version, name ,id) VALUES ('0', 'Tire Mobility Set: 12 V compressor en bandenafdichtmiddel ','507');
INSERT INTO pack_car_options(pack_id, car_options_id) VALUES ('19', '507');
INSERT INTO car_option(version, name ,id) VALUES ('0', '7 zitplaatsen','508');
INSERT INTO pack_car_options(pack_id, car_options_id) VALUES ('19', '508');
INSERT INTO car_option(version, name ,id) VALUES ('0', 'Metaalkleur','509');
INSERT INTO pack_car_options(pack_id, car_options_id) VALUES ('19', '509');
INSERT INTO car_option(version, name ,id) VALUES ('0', '"Alu velgen Brighton 16"""','510');
INSERT INTO pack_car_options(pack_id, car_options_id) VALUES ('19', '510');
INSERT INTO car_option(version, name ,id) VALUES ('0', ' Radio ''Composition Media'':','511');
INSERT INTO pack_car_options(pack_id, car_options_id) VALUES ('19', '511');
INSERT INTO car_option(version, name ,id) VALUES ('0', '  FM/AM ontvangst met RDS','512');
INSERT INTO pack_car_options(pack_id, car_options_id) VALUES ('19', '512');
INSERT INTO car_option(version, name ,id) VALUES ('0', '  SD kaartlezer','513');
INSERT INTO pack_car_options(pack_id, car_options_id) VALUES ('19', '513');
INSERT INTO car_option(version, name ,id) VALUES ('0', '  Radiovoorbereiding 8 luidsprekers, 4x20 watt uitgaand vermogen','514');
INSERT INTO pack_car_options(pack_id, car_options_id) VALUES ('19', '514');
INSERT INTO car_option(version, name ,id) VALUES ('0', '  cd speler','515');
INSERT INTO pack_car_options(pack_id, car_options_id) VALUES ('19', '515');
INSERT INTO car_option(version, name ,id) VALUES ('0', '"  6,5"" tft aanraakkleurenscherm met nabijheidssensoren"','516');
INSERT INTO pack_car_options(pack_id, car_options_id) VALUES ('19', '516');
INSERT INTO car_option(version, name ,id) VALUES ('0', '  gsm voorbereiding Bluetooth','517');
INSERT INTO pack_car_options(pack_id, car_options_id) VALUES ('19', '517');
INSERT INTO car_option(version, name ,id) VALUES ('0', 'Navigatie uitbreiding ''Discover Media'' voor de radio ''Composition Media'':','518');
INSERT INTO pack_car_options(pack_id, car_options_id) VALUES ('19', '518');
INSERT INTO car_option(version, name ,id) VALUES ('0', '  Map Care (www.navigation.com/vw nl)','519');
INSERT INTO pack_car_options(pack_id, car_options_id) VALUES ('19', '519');
INSERT INTO car_option(version, name ,id) VALUES ('0', '  Car Net (licentie 3 jaar Guide & Inform)   www.volkswagen carnet.com/be/','520');
INSERT INTO pack_car_options(pack_id, car_options_id) VALUES ('19', '520');
INSERT INTO car_option(version, name ,id) VALUES ('0', 'USB interface ook voor iPod/iPhone, incl. multimedia aansluiting Aux In','521');
INSERT INTO pack_car_options(pack_id, car_options_id) VALUES ('19', '521');
INSERT INTO car_option(version, name ,id) VALUES ('0', 'ParkPilot parkeersensoren (voor  en achteraan)','522');
INSERT INTO pack_car_options(pack_id, car_options_id) VALUES ('19', '522');
INSERT INTO car_option(version, name ,id) VALUES ('0', 'Centrale armsteun voorin:','523');
INSERT INTO pack_car_options(pack_id, car_options_id) VALUES ('19', '523');
INSERT INTO car_option(version, name ,id) VALUES ('0', '  incl. opbergbox met uitneembaar bakje','524');
INSERT INTO pack_car_options(pack_id, car_options_id) VALUES ('19', '524');
INSERT INTO car_option(version, name ,id) VALUES ('0', '  incl. opberglade en 12V stopcontact achterin','525');
INSERT INTO pack_car_options(pack_id, car_options_id) VALUES ('19', '525');
INSERT INTO car_option(version, name ,id) VALUES ('0', '  incl. opbergnet in de voetenruimte aan passagierszijde voorin','526');
INSERT INTO pack_car_options(pack_id, car_options_id) VALUES ('19', '526');
INSERT INTO car_option(version, name ,id) VALUES ('0', '  armsteun in hoogte en lengte verstelbaar','527');
INSERT INTO pack_car_options(pack_id, car_options_id) VALUES ('19', '527');
INSERT INTO car_option(version, name ,id) VALUES ('0', '  2 ventilatieopeningen achterin','528');
INSERT INTO pack_car_options(pack_id, car_options_id) VALUES ('19', '528');
INSERT INTO car_option(version, name ,id) VALUES ('0', 'Klimaatregeling 3 zones ''Pure Air Climatronic'':','529');
INSERT INTO pack_car_options(pack_id, car_options_id) VALUES ('19', '529');
INSERT INTO car_option(version, name ,id) VALUES ('0', '  temperatuurregeling in 3 zones (bestuurder, passagier voorin, passagiers achterin)','530');
INSERT INTO pack_car_options(pack_id, car_options_id) VALUES ('19', '530');
INSERT INTO car_option(version, name ,id) VALUES ('0', '  gescheiden regelbaar, incl. bedieningseenheid op 2e zetelrij','531');
INSERT INTO pack_car_options(pack_id, car_options_id) VALUES ('19', '531');
INSERT INTO car_option(version, name ,id) VALUES ('0', '  koelmogelijkheid voor het handschoenkastje','532');
INSERT INTO pack_car_options(pack_id, car_options_id) VALUES ('19', '532');
INSERT INTO car_option(version, name ,id) VALUES ('0', '  luchtkwaliteitssensor','533');
INSERT INTO pack_car_options(pack_id, car_options_id) VALUES ('19', '533');
INSERT INTO car (isdeleted, id,  version, category, emission, fiscalhp, fuel_type, brand, model, pk, delivery_time, ideal_km, max_km, list_price, benefit, amount_upgrade, amount_downgrade, car_type, base_pack_id) VALUES(0,'29','0','4','115','9','DIESEL','VW','New Touran 1.6TDI Trendline 110 pk BMT 6v','110','5','140000','180000','29655.48','167.34','3094.43','2713.57','MONOVOLUME','19');
INSERT INTO car_pictures(Car_id, pictures) VALUES('29','http://1.bp.blogspot.com/-Zw-D7oD78L4/VPYVRXkleeI/AAAAAAAAtnU/mbjYY2vC4hc/s1600/VW-Touran-New-2555.jpg');
INSERT INTO pack(name, price, version, id) VALUES ('Pack Executive Plus', '500', '0', '20');
INSERT INTO car_option(version, name ,id) VALUES ('0', 'elektonische klimaatregeling','534');
INSERT INTO pack_car_options(pack_id, car_options_id) VALUES ('20', '534');
INSERT INTO car_option(version, name ,id) VALUES ('0', 'lederen stuur ','535');
INSERT INTO pack_car_options(pack_id, car_options_id) VALUES ('20', '535');
INSERT INTO car_option(version, name ,id) VALUES ('0', 'elektrische ruiten ','536');
INSERT INTO pack_car_options(pack_id, car_options_id) VALUES ('20', '536');
INSERT INTO car_option(version, name ,id) VALUES ('0', 'isofix-voorbereiding','537');
INSERT INTO pack_car_options(pack_id, car_options_id) VALUES ('20', '537');
INSERT INTO car_option(version, name ,id) VALUES ('0', 'boordcomputer','538');
INSERT INTO pack_car_options(pack_id, car_options_id) VALUES ('20', '538');
INSERT INTO car_option(version, name ,id) VALUES ('0', 'ABS','539');
INSERT INTO pack_car_options(pack_id, car_options_id) VALUES ('20', '539');
INSERT INTO car_option(version, name ,id) VALUES ('0', 'ESC tractiecontrole','540');
INSERT INTO pack_car_options(pack_id, car_options_id) VALUES ('20', '540');
INSERT INTO car_option(version, name ,id) VALUES ('0', 'bandenspanningscontrole','541');
INSERT INTO pack_car_options(pack_id, car_options_id) VALUES ('20', '541');
INSERT INTO car_option(version, name ,id) VALUES ('0', 'metaalkleur (behalve Exclusive kleuren)','542');
INSERT INTO pack_car_options(pack_id, car_options_id) VALUES ('20', '542');
INSERT INTO car_option(version, name ,id) VALUES ('0', 'buitenspiegels elektrisch inklapbaar en verwarmbaar','543');
INSERT INTO pack_car_options(pack_id, car_options_id) VALUES ('20', '543');
INSERT INTO car_option(version, name ,id) VALUES ('0', 'GPS met DVD','544');
INSERT INTO pack_car_options(pack_id, car_options_id) VALUES ('20', '544');
INSERT INTO car_option(version, name ,id) VALUES ('0', 'volumetrisch en perimetrisch alarm','545');
INSERT INTO pack_car_options(pack_id, car_options_id) VALUES ('20', '545');
INSERT INTO car_option(version, name ,id) VALUES ('0', 'boordcomputer in kleur','546');
INSERT INTO pack_car_options(pack_id, car_options_id) VALUES ('20', '546');
INSERT INTO car_option(version, name ,id) VALUES ('0', 'GSM bluetooth connectie ','547');
INSERT INTO pack_car_options(pack_id, car_options_id) VALUES ('20', '547');
INSERT INTO car_option(version, name ,id) VALUES ('0', 'multifunctiestuur ','548');
INSERT INTO pack_car_options(pack_id, car_options_id) VALUES ('20', '548');
INSERT INTO car_option(version, name ,id) VALUES ('0', 'Acoustic Parking System achteraan','549');
INSERT INTO pack_car_options(pack_id, car_options_id) VALUES ('20', '549');
INSERT INTO car_option(version, name ,id) VALUES ('0', 'snelheidsregelaar','550');
INSERT INTO pack_car_options(pack_id, car_options_id) VALUES ('20', '550');
INSERT INTO car (isdeleted, id,  version, category, emission, fiscalhp, fuel_type, brand, model, pk, delivery_time, ideal_km, max_km, list_price, benefit, amount_upgrade, amount_downgrade, car_type, base_pack_id) VALUES(0,'30','0','4','117','11','DIESEL','Audi','A4 berline 2.0 tdi 120 pk','120','4','180000','200000','29511.49','170.75','3972.64','1835.36','NORMAL','20');
INSERT INTO car_pictures(Car_id, pictures) VALUES('30','http://medias.autonews.fr/wp-content/uploads/2013/03/audi-A3-berline-home.jpg');
INSERT INTO pack(name, price, version, id) VALUES ('Pack Elegance Amundsen', '500', '0', '21');
INSERT INTO car_option(version, name ,id) VALUES ('0', '7 Airbags','551');
INSERT INTO pack_car_options(pack_id, car_options_id) VALUES ('21', '551');
INSERT INTO car_option(version, name ,id) VALUES ('0', 'ESC','552');
INSERT INTO pack_car_options(pack_id, car_options_id) VALUES ('21', '552');
INSERT INTO car_option(version, name ,id) VALUES ('0', 'Bandenspanningscontrole','553');
INSERT INTO pack_car_options(pack_id, car_options_id) VALUES ('21', '553');
INSERT INTO car_option(version, name ,id) VALUES ('0', 'Electronische airco.','554');
INSERT INTO pack_car_options(pack_id, car_options_id) VALUES ('21', '554');
INSERT INTO car_option(version, name ,id) VALUES ('0', 'Snelheidsregelaar','555');
INSERT INTO pack_car_options(pack_id, car_options_id) VALUES ('21', '555');
INSERT INTO car_option(version, name ,id) VALUES ('0', 'Parking distance control voor-en achteraan','556');
INSERT INTO pack_car_options(pack_id, car_options_id) VALUES ('21', '556');
INSERT INTO car_option(version, name ,id) VALUES ('0', 'Regen-en lichtsensor','557');
INSERT INTO pack_car_options(pack_id, car_options_id) VALUES ('21', '557');
INSERT INTO car_option(version, name ,id) VALUES ('0', 'Xenonlampen','558');
INSERT INTO pack_car_options(pack_id, car_options_id) VALUES ('21', '558');
INSERT INTO car_option(version, name ,id) VALUES ('0', 'LED-dagrijlichten','559');
INSERT INTO pack_car_options(pack_id, car_options_id) VALUES ('21', '559');
INSERT INTO car_option(version, name ,id) VALUES ('0', '"16"" lichtmetalen velgen"','560');
INSERT INTO pack_car_options(pack_id, car_options_id) VALUES ('21', '560');
INSERT INTO car_option(version, name ,id) VALUES ('0', 'Verwarmde voorzetels','561');
INSERT INTO pack_car_options(pack_id, car_options_id) VALUES ('21', '561');
INSERT INTO car_option(version, name ,id) VALUES ('0', 'Leder interieur','562');
INSERT INTO pack_car_options(pack_id, car_options_id) VALUES ('21', '562');
INSERT INTO car_option(version, name ,id) VALUES ('0', 'Electrisch regelbare zetels','563');
INSERT INTO pack_car_options(pack_id, car_options_id) VALUES ('21', '563');
INSERT INTO car_option(version, name ,id) VALUES ('0', 'Inlegplaatjes in hout','564');
INSERT INTO pack_car_options(pack_id, car_options_id) VALUES ('21', '564');
INSERT INTO car_option(version, name ,id) VALUES ('0', 'Tapijten','565');
INSERT INTO pack_car_options(pack_id, car_options_id) VALUES ('21', '565');
INSERT INTO car_option(version, name ,id) VALUES ('0', 'Spiegels met automatische dimfunctie','566');
INSERT INTO pack_car_options(pack_id, car_options_id) VALUES ('21', '566');
INSERT INTO car_option(version, name ,id) VALUES ('0', 'Verwarmde achterzetels','567');
INSERT INTO pack_car_options(pack_id, car_options_id) VALUES ('21', '567');
INSERT INTO car_option(version, name ,id) VALUES ('0', 'GPS met kaarten van west-Europa','568');
INSERT INTO pack_car_options(pack_id, car_options_id) VALUES ('21', '568');
INSERT INTO car_option(version, name ,id) VALUES ('0', 'Semi-automatisch parkeersysteem','569');
INSERT INTO pack_car_options(pack_id, car_options_id) VALUES ('21', '569');
INSERT INTO car_option(version, name ,id) VALUES ('0', 'Bluetooth','570');
INSERT INTO pack_car_options(pack_id, car_options_id) VALUES ('21', '570');
INSERT INTO car (isdeleted, id,  version, category, emission, fiscalhp, fuel_type, brand, model, pk, delivery_time, ideal_km, max_km, list_price, benefit, amount_upgrade, amount_downgrade, car_type, base_pack_id) VALUES(0,'31','0','4','113','9','DIESEL','Skoda','Superb combi Greenline elegance 1.6 tdi 105 pk','105','4','180000','200000','31070.18','170.89','2259.60','3548.40','BREAK','21');
INSERT INTO car_pictures(Car_id, pictures) VALUES('31','http://i.auto-bild.de/ir_img/1/2/8/4/4/3/8/Skoda-Superb-Combi-IAA-2015-Test-Sitzprobe-1200x800-37be715d570a3384.jpg');
INSERT INTO pack(name, price, version, id) VALUES ('Radio & GPS 315', '500', '0', '22');
INSERT INTO car_option(version, name ,id) VALUES ('0', 'Comfort zetels vooraan met lendesteunregeling','571');
INSERT INTO pack_car_options(pack_id, car_options_id) VALUES ('22', '571');
INSERT INTO car_option(version, name ,id) VALUES ('0', 'ESC tractiecontrole','572');
INSERT INTO pack_car_options(pack_id, car_options_id) VALUES ('22', '572');
INSERT INTO car_option(version, name ,id) VALUES ('0', 'Elektronische airco Climatronic','573');
INSERT INTO pack_car_options(pack_id, car_options_id) VALUES ('22', '573');
INSERT INTO car_option(version, name ,id) VALUES ('0', 'Multifunctiestuur leder','574');
INSERT INTO pack_car_options(pack_id, car_options_id) VALUES ('22', '574');
INSERT INTO car_option(version, name ,id) VALUES ('0', '15'' aluvelgen','575');
INSERT INTO pack_car_options(pack_id, car_options_id) VALUES ('22', '575');
INSERT INTO car_option(version, name ,id) VALUES ('0', 'Premium boordcomputer','576');
INSERT INTO pack_car_options(pack_id, car_options_id) VALUES ('22', '576');
INSERT INTO car_option(version, name ,id) VALUES ('0', '"Navigatie met 5"" aanraakscherm"','577');
INSERT INTO pack_car_options(pack_id, car_options_id) VALUES ('22', '577');
INSERT INTO car_option(version, name ,id) VALUES ('0', 'CD- lezer','578');
INSERT INTO pack_car_options(pack_id, car_options_id) VALUES ('22', '578');
INSERT INTO car_option(version, name ,id) VALUES ('0', 'Aux in','579');
INSERT INTO pack_car_options(pack_id, car_options_id) VALUES ('22', '579');
INSERT INTO car_option(version, name ,id) VALUES ('0', 'Bluetooth connectie telefoon','580');
INSERT INTO pack_car_options(pack_id, car_options_id) VALUES ('22', '580');
INSERT INTO car (isdeleted, id,  version, category, emission, fiscalhp, fuel_type, brand, model, pk, delivery_time, ideal_km, max_km, list_price, benefit, amount_upgrade, amount_downgrade, car_type, base_pack_id) VALUES(0,'32','0','5','95','8','GASOLINE','vw','Jetta hybride 1.4 tsi 150 pk dsg','150','5','180000','200000','32608.02','104.17','4806.64','3614.96','NORMAL','22');
INSERT INTO car_pictures(Car_id, pictures) VALUES('32','http://zombdrive.com/images/2013-volkswagen-jetta-10.jpg');
INSERT INTO pack(name, price, version, id) VALUES ('Pack Intuition Plus & Lounge', '500', '0', '23');
INSERT INTO car_option(version, name ,id) VALUES ('0', 'ABS','581');
INSERT INTO pack_car_options(pack_id, car_options_id) VALUES ('23', '581');
INSERT INTO car_option(version, name ,id) VALUES ('0', 'ESC tractiecontrole','582');
INSERT INTO pack_car_options(pack_id, car_options_id) VALUES ('23', '582');
INSERT INTO car_option(version, name ,id) VALUES ('0', '7 airbags','583');
INSERT INTO pack_car_options(pack_id, car_options_id) VALUES ('23', '583');
INSERT INTO car_option(version, name ,id) VALUES ('0', 'lederen stuur','584');
INSERT INTO pack_car_options(pack_id, car_options_id) VALUES ('23', '584');
INSERT INTO car_option(version, name ,id) VALUES ('0', 'elektrische ramen','585');
INSERT INTO pack_car_options(pack_id, car_options_id) VALUES ('23', '585');
INSERT INTO car_option(version, name ,id) VALUES ('0', 'armsteun vooraan','586');
INSERT INTO pack_car_options(pack_id, car_options_id) VALUES ('23', '586');
INSERT INTO car_option(version, name ,id) VALUES ('0', 'buitenspiegels elektrisch verstelbaar','587');
INSERT INTO pack_car_options(pack_id, car_options_id) VALUES ('23', '587');
INSERT INTO car_option(version, name ,id) VALUES ('0', 'LED verlichting kenteken','588');
INSERT INTO pack_car_options(pack_id, car_options_id) VALUES ('23', '588');
INSERT INTO car_option(version, name ,id) VALUES ('0', 'bandenspanningscontrole','589');
INSERT INTO pack_car_options(pack_id, car_options_id) VALUES ('23', '589');
INSERT INTO car_option(version, name ,id) VALUES ('0', 'metaalkleur (behalve Exclusive kleuren)','590');
INSERT INTO pack_car_options(pack_id, car_options_id) VALUES ('23', '590');
INSERT INTO car_option(version, name ,id) VALUES ('0', 'elektronische klimaatregeling','591');
INSERT INTO pack_car_options(pack_id, car_options_id) VALUES ('23', '591');
INSERT INTO car_option(version, name ,id) VALUES ('0', 'GPS met SD-kaart','592');
INSERT INTO pack_car_options(pack_id, car_options_id) VALUES ('23', '592');
INSERT INTO car_option(version, name ,id) VALUES ('0', '"alu velgen 10 spaken 16"""','593');
INSERT INTO pack_car_options(pack_id, car_options_id) VALUES ('23', '593');
INSERT INTO car_option(version, name ,id) VALUES ('0', 'Acoustic Parking System achteraan','594');
INSERT INTO pack_car_options(pack_id, car_options_id) VALUES ('23', '594');
INSERT INTO car_option(version, name ,id) VALUES ('0', 'Audi Music Interface','595');
INSERT INTO pack_car_options(pack_id, car_options_id) VALUES ('23', '595');
INSERT INTO car_option(version, name ,id) VALUES ('0', 'Bluetooth connectie (telefoon en audio)','596');
INSERT INTO pack_car_options(pack_id, car_options_id) VALUES ('23', '596');
INSERT INTO car_option(version, name ,id) VALUES ('0', 'multifunctiestuur ','597');
INSERT INTO pack_car_options(pack_id, car_options_id) VALUES ('23', '597');
INSERT INTO car_option(version, name ,id) VALUES ('0', 'boordcomputer ','598');
INSERT INTO pack_car_options(pack_id, car_options_id) VALUES ('23', '598');
INSERT INTO car_option(version, name ,id) VALUES ('0', 'binnenbekleding leder Milano','599');
INSERT INTO pack_car_options(pack_id, car_options_id) VALUES ('23', '599');
INSERT INTO car_option(version, name ,id) VALUES ('0', 'verwarmde zetels vooraan','600');
INSERT INTO pack_car_options(pack_id, car_options_id) VALUES ('23', '600');
INSERT INTO car_option(version, name ,id) VALUES ('0', 'opbergmodule','601');
INSERT INTO pack_car_options(pack_id, car_options_id) VALUES ('23', '601');
INSERT INTO car_option(version, name ,id) VALUES ('0', 'licht- en regensensor','602');
INSERT INTO pack_car_options(pack_id, car_options_id) VALUES ('23', '602');
INSERT INTO car (isdeleted, id,  version, category, emission, fiscalhp, fuel_type, brand, model, pk, delivery_time, ideal_km, max_km, list_price, benefit, amount_upgrade, amount_downgrade, car_type, base_pack_id) VALUES(0,'33','0','5','105','11','DIESEL','Audi','A3 sportback 2.0 tdi 150 pk Attraction','150','5','140000','180000','28316.18','139.56','479.36','7942.24','NORMAL','23');
INSERT INTO car_pictures(Car_id, pictures) VALUES('33','http://directselectie.audi.nl/Content/images/audi/F8VABSED20166Y6YQF_L.jpg');
INSERT INTO pack(name, price, version, id) VALUES ('Pack Executive Fleet Plus', '500', '0', '24');
INSERT INTO car_option(version, name ,id) VALUES ('0', 'elektonische klimaatregeling','603');
INSERT INTO pack_car_options(pack_id, car_options_id) VALUES ('24', '603');
INSERT INTO car_option(version, name ,id) VALUES ('0', 'lederen stuur ','604');
INSERT INTO pack_car_options(pack_id, car_options_id) VALUES ('24', '604');
INSERT INTO car_option(version, name ,id) VALUES ('0', 'elektrische ruiten ','605');
INSERT INTO pack_car_options(pack_id, car_options_id) VALUES ('24', '605');
INSERT INTO car_option(version, name ,id) VALUES ('0', 'isofix-voorbereiding','606');
INSERT INTO pack_car_options(pack_id, car_options_id) VALUES ('24', '606');
INSERT INTO car_option(version, name ,id) VALUES ('0', 'boordcomputer','607');
INSERT INTO pack_car_options(pack_id, car_options_id) VALUES ('24', '607');
INSERT INTO car_option(version, name ,id) VALUES ('0', 'verlaagde sportvering (20 mm)','608');
INSERT INTO pack_car_options(pack_id, car_options_id) VALUES ('24', '608');
INSERT INTO car_option(version, name ,id) VALUES ('0', 'ABS','609');
INSERT INTO pack_car_options(pack_id, car_options_id) VALUES ('24', '609');
INSERT INTO car_option(version, name ,id) VALUES ('0', 'ESC tractiecontrole','610');
INSERT INTO pack_car_options(pack_id, car_options_id) VALUES ('24', '610');
INSERT INTO car_option(version, name ,id) VALUES ('0', 'banden met verbeterde rolweerstand','611');
INSERT INTO pack_car_options(pack_id, car_options_id) VALUES ('24', '611');
INSERT INTO car_option(version, name ,id) VALUES ('0', 'bandenspanningscontrole','612');
INSERT INTO pack_car_options(pack_id, car_options_id) VALUES ('24', '612');
INSERT INTO car_option(version, name ,id) VALUES ('0', 'metaalkleur (behalve Exclusive kleuren)','613');
INSERT INTO pack_car_options(pack_id, car_options_id) VALUES ('24', '613');
INSERT INTO car_option(version, name ,id) VALUES ('0', 'buitenspiegels elektrisch inklapbaar en verwarmbaar','614');
INSERT INTO pack_car_options(pack_id, car_options_id) VALUES ('24', '614');
INSERT INTO car_option(version, name ,id) VALUES ('0', 'GPS met DVD','615');
INSERT INTO pack_car_options(pack_id, car_options_id) VALUES ('24', '615');
INSERT INTO car_option(version, name ,id) VALUES ('0', 'volumetrisch en perimetrisch alarm','616');
INSERT INTO pack_car_options(pack_id, car_options_id) VALUES ('24', '616');
INSERT INTO car_option(version, name ,id) VALUES ('0', 'boordcomputer in kleur','617');
INSERT INTO pack_car_options(pack_id, car_options_id) VALUES ('24', '617');
INSERT INTO car_option(version, name ,id) VALUES ('0', 'GSM bluetooth connectie ','618');
INSERT INTO pack_car_options(pack_id, car_options_id) VALUES ('24', '618');
INSERT INTO car_option(version, name ,id) VALUES ('0', 'multifunctiestuur ','619');
INSERT INTO pack_car_options(pack_id, car_options_id) VALUES ('24', '619');
INSERT INTO car_option(version, name ,id) VALUES ('0', 'Acoustic Parking System achteraan','620');
INSERT INTO pack_car_options(pack_id, car_options_id) VALUES ('24', '620');
INSERT INTO car_option(version, name ,id) VALUES ('0', 'snelheidsregelaar','621');
INSERT INTO pack_car_options(pack_id, car_options_id) VALUES ('24', '621');
INSERT INTO car (isdeleted, id,  version, category, emission, fiscalhp, fuel_type, brand, model, pk, delivery_time, ideal_km, max_km, list_price, benefit, amount_upgrade, amount_downgrade, car_type, base_pack_id) VALUES(0,'34','0','5','104','9','DIESEL','Audi','A4 berline 2.0 tdi ultra 136 pk','136','4','180000','200000','30945.61','150.31','1063.74','7357.86','NORMAL','24');
INSERT INTO car_pictures(Car_id, pictures) VALUES('34','http://medias.autonews.fr/wp-content/uploads/2013/03/audi-A3-berline-home.jpg');
INSERT INTO pack(name, price, version, id) VALUES ('Pack Business Media', '500', '0', '25');
INSERT INTO car_option(version, name ,id) VALUES ('0', 'Front Assist','622');
INSERT INTO pack_car_options(pack_id, car_options_id) VALUES ('25', '622');
INSERT INTO car_option(version, name ,id) VALUES ('0', 'City Emergency Brake','623');
INSERT INTO pack_car_options(pack_id, car_options_id) VALUES ('25', '623');
INSERT INTO car_option(version, name ,id) VALUES ('0', 'Adaptive Cruise Control','624');
INSERT INTO pack_car_options(pack_id, car_options_id) VALUES ('25', '624');
INSERT INTO car_option(version, name ,id) VALUES ('0', 'Multi-collision break','625');
INSERT INTO pack_car_options(pack_id, car_options_id) VALUES ('25', '625');
INSERT INTO car_option(version, name ,id) VALUES ('0', 'Vermoeidheidsdetectie','626');
INSERT INTO pack_car_options(pack_id, car_options_id) VALUES ('25', '626');
INSERT INTO car_option(version, name ,id) VALUES ('0', 'LED Achterlichten','627');
INSERT INTO pack_car_options(pack_id, car_options_id) VALUES ('25', '627');
INSERT INTO car_option(version, name ,id) VALUES ('0', 'Keyless Go ','628');
INSERT INTO pack_car_options(pack_id, car_options_id) VALUES ('25', '628');
INSERT INTO car_option(version, name ,id) VALUES ('0', 'Verwarmbaar multifunctiestuur','629');
INSERT INTO pack_car_options(pack_id, car_options_id) VALUES ('25', '629');
INSERT INTO car_option(version, name ,id) VALUES ('0', 'Park Pilot voor- en achteraan','630');
INSERT INTO pack_car_options(pack_id, car_options_id) VALUES ('25', '630');
INSERT INTO car_option(version, name ,id) VALUES ('0', '8 luidsprekers','631');
INSERT INTO pack_car_options(pack_id, car_options_id) VALUES ('25', '631');
INSERT INTO car_option(version, name ,id) VALUES ('0', 'Verwarmbare voorruit','632');
INSERT INTO pack_car_options(pack_id, car_options_id) VALUES ('25', '632');
INSERT INTO car_option(version, name ,id) VALUES ('0', 'Verwarmde zetels vooraan','633');
INSERT INTO pack_car_options(pack_id, car_options_id) VALUES ('25', '633');
INSERT INTO car_option(version, name ,id) VALUES ('0', 'Climatronic 3-zones','634');
INSERT INTO pack_car_options(pack_id, car_options_id) VALUES ('25', '634');
INSERT INTO car_option(version, name ,id) VALUES ('0', 'Bekleding in Leder/Alcantara','635');
INSERT INTO pack_car_options(pack_id, car_options_id) VALUES ('25', '635');
INSERT INTO car_option(version, name ,id) VALUES ('0', 'Dakrailing gechromeerd','636');
INSERT INTO pack_car_options(pack_id, car_options_id) VALUES ('25', '636');
INSERT INTO car_option(version, name ,id) VALUES ('0', 'Lederen multifunctiestuur','637');
INSERT INTO pack_car_options(pack_id, car_options_id) VALUES ('25', '637');
INSERT INTO car_option(version, name ,id) VALUES ('0', 'Boordcomputer Plus','638');
INSERT INTO pack_car_options(pack_id, car_options_id) VALUES ('25', '638');
INSERT INTO car_option(version, name ,id) VALUES ('0', 'Park Pilot voor & achter','639');
INSERT INTO pack_car_options(pack_id, car_options_id) VALUES ('25', '639');
INSERT INTO car_option(version, name ,id) VALUES ('0', '8 luidsprekers','640');
INSERT INTO pack_car_options(pack_id, car_options_id) VALUES ('25', '640');
INSERT INTO car_option(version, name ,id) VALUES ('0', 'Licht & Zichtmodule (inclusief regensensor)','641');
INSERT INTO pack_car_options(pack_id, car_options_id) VALUES ('25', '641');
INSERT INTO car_option(version, name ,id) VALUES ('0', 'Buitenspiegels elektrisch regelbaar en ontdooibaar','642');
INSERT INTO pack_car_options(pack_id, car_options_id) VALUES ('25', '642');
INSERT INTO car_option(version, name ,id) VALUES ('0', 'Centrale armsteun vooraan','643');
INSERT INTO pack_car_options(pack_id, car_options_id) VALUES ('25', '643');
INSERT INTO car_option(version, name ,id) VALUES ('0', 'LED verlichting van de voetruimte vooraan','644');
INSERT INTO pack_car_options(pack_id, car_options_id) VALUES ('25', '644');
INSERT INTO car_option(version, name ,id) VALUES ('0', 'Zetels vooraan regelbaar in de hoogte','645');
INSERT INTO pack_car_options(pack_id, car_options_id) VALUES ('25', '645');
INSERT INTO car_option(version, name ,id) VALUES ('0', 'Bekerhouders vooraan','646');
INSERT INTO pack_car_options(pack_id, car_options_id) VALUES ('25', '646');
INSERT INTO car_option(version, name ,id) VALUES ('0', 'Vloermatjes voor- en achteraan','647');
INSERT INTO pack_car_options(pack_id, car_options_id) VALUES ('25', '647');
INSERT INTO car_option(version, name ,id) VALUES ('0', 'Indeelbare kofferruimte','648');
INSERT INTO pack_car_options(pack_id, car_options_id) VALUES ('25', '648');
INSERT INTO car_option(version, name ,id) VALUES ('0', 'Rugleuning van de achterbank neerklapbaar 60-40','649');
INSERT INTO pack_car_options(pack_id, car_options_id) VALUES ('25', '649');
INSERT INTO car_option(version, name ,id) VALUES ('0', 'Elektro-mechanische handrem met hill hold/auto hold','650');
INSERT INTO pack_car_options(pack_id, car_options_id) VALUES ('25', '650');
INSERT INTO car_option(version, name ,id) VALUES ('0', 'Coming Home - Leaving Home','651');
INSERT INTO pack_car_options(pack_id, car_options_id) VALUES ('25', '651');
INSERT INTO car_option(version, name ,id) VALUES ('0', 'LED leeslampjes voor- en achteraan','652');
INSERT INTO pack_car_options(pack_id, car_options_id) VALUES ('25', '652');
INSERT INTO car_option(version, name ,id) VALUES ('0', 'Tire Mobility Set','653');
INSERT INTO pack_car_options(pack_id, car_options_id) VALUES ('25', '653');
INSERT INTO car_option(version, name ,id) VALUES ('0', 'Bandendrukkontrole','654');
INSERT INTO pack_car_options(pack_id, car_options_id) VALUES ('25', '654');
INSERT INTO car_option(version, name ,id) VALUES ('0', '"Lichtmetalen velgen 6,5 J x 17"""','655');
INSERT INTO pack_car_options(pack_id, car_options_id) VALUES ('25', '655');
INSERT INTO car_option(version, name ,id) VALUES ('0', 'Vensteromlijsting in chroom','656');
INSERT INTO pack_car_options(pack_id, car_options_id) VALUES ('25', '656');
INSERT INTO car_option(version, name ,id) VALUES ('0', 'Bekerhourders vooraan met afdekking','657');
INSERT INTO pack_car_options(pack_id, car_options_id) VALUES ('25', '657');
INSERT INTO car_option(version, name ,id) VALUES ('0', 'Centrale armsteun achteraan','658');
INSERT INTO pack_car_options(pack_id, car_options_id) VALUES ('25', '658');
INSERT INTO car_option(version, name ,id) VALUES ('0', '"""Comfort""  zetels vooraan"','659');
INSERT INTO pack_car_options(pack_id, car_options_id) VALUES ('25', '659');
INSERT INTO car_option(version, name ,id) VALUES ('0', 'Zetels vooraan met regelbare lendensteun','660');
INSERT INTO pack_car_options(pack_id, car_options_id) VALUES ('25', '660');
INSERT INTO car_option(version, name ,id) VALUES ('0', 'Bestuurderszetel met elekstrisch regelbare lendensteun','661');
INSERT INTO pack_car_options(pack_id, car_options_id) VALUES ('25', '661');
INSERT INTO car_option(version, name ,id) VALUES ('0', 'Bestuurderszetel met ErgoComfort funktie','662');
INSERT INTO pack_car_options(pack_id, car_options_id) VALUES ('25', '662');
INSERT INTO car_option(version, name ,id) VALUES ('0', 'Buitenspiegel kant bestuurder met elektro-chromatische functie','663');
INSERT INTO pack_car_options(pack_id, car_options_id) VALUES ('25', '663');
INSERT INTO car_option(version, name ,id) VALUES ('0', 'GPS Discover Media','664');
INSERT INTO pack_car_options(pack_id, car_options_id) VALUES ('25', '664');
INSERT INTO car_option(version, name ,id) VALUES ('0', '  8 luidsprekers','665');
INSERT INTO pack_car_options(pack_id, car_options_id) VALUES ('25', '665');
INSERT INTO car_option(version, name ,id) VALUES ('0', '"  Navigatie met 5,8"" aanraakscherm"','666');
INSERT INTO pack_car_options(pack_id, car_options_id) VALUES ('25', '666');
INSERT INTO car_option(version, name ,id) VALUES ('0', '  Navigatiegegevens Europa op SD-kaart','667');
INSERT INTO pack_car_options(pack_id, car_options_id) VALUES ('25', '667');
INSERT INTO car_option(version, name ,id) VALUES ('0', '  CD-lezer','668');
INSERT INTO pack_car_options(pack_id, car_options_id) VALUES ('25', '668');
INSERT INTO car_option(version, name ,id) VALUES ('0', '  Aux in, USB, SD','669');
INSERT INTO pack_car_options(pack_id, car_options_id) VALUES ('25', '669');
INSERT INTO car_option(version, name ,id) VALUES ('0', '  Bluetooth connectie (telefoon en audio)','670');
INSERT INTO pack_car_options(pack_id, car_options_id) VALUES ('25', '670');
INSERT INTO car_option(version, name ,id) VALUES ('0', 'Elektrisch inklapbare buitenspiegels','671');
INSERT INTO pack_car_options(pack_id, car_options_id) VALUES ('25', '671');
INSERT INTO car (isdeleted, id,  version, category, emission, fiscalhp, fuel_type, brand, model, pk, delivery_time, ideal_km, max_km, list_price, benefit, amount_upgrade, amount_downgrade, car_type, base_pack_id) VALUES(0,'35','0','5','107','9','DIESEL','VW','Passat variant 1.6 tdi 120 pk highline','120','4','140000','180000','34547.75','175.21','3001.27','5420.33','BREAK','25');
INSERT INTO car_pictures(Car_id, pictures) VALUES('35','https://i.ytimg.com/vi/ynf1UPuM8w4/maxresdefault.jpg');
INSERT INTO pack(name, price, version, id) VALUES ('Touran Highline Pack', '500', '0', '26');
INSERT INTO car_option(version, name ,id) VALUES ('0', 'Buitenspiegelbehuizing en deurhandgrepen in koetswerkkleur ','672');
INSERT INTO pack_car_options(pack_id, car_options_id) VALUES ('26', '672');
INSERT INTO car_option(version, name ,id) VALUES ('0', 'Bumper in koetswerkkleur met chroomafwerking','673');
INSERT INTO pack_car_options(pack_id, car_options_id) VALUES ('26', '673');
INSERT INTO car_option(version, name ,id) VALUES ('0', 'Verchroomde omlijsting van de zijruiten ','674');
INSERT INTO pack_car_options(pack_id, car_options_id) VALUES ('26', '674');
INSERT INTO car_option(version, name ,id) VALUES ('0', 'Zijruiten vanaf 2e zetelrij en achterruit verdonkerd, 65% lichtabsorberend ','675');
INSERT INTO pack_car_options(pack_id, car_options_id) VALUES ('26', '675');
INSERT INTO car_option(version, name ,id) VALUES ('0', 'Zilverkleurige dakrailing ','676');
INSERT INTO pack_car_options(pack_id, car_options_id) VALUES ('26', '676');
INSERT INTO car_option(version, name ,id) VALUES ('0', 'Zwart radiatorrooster met lamellen in chroom ','677');
INSERT INTO pack_car_options(pack_id, car_options_id) VALUES ('26', '677');
INSERT INTO car_option(version, name ,id) VALUES ('0', 'Kunstlederen bekleding aan achterzijde van stoelen met opbergtassen aan rugleuningen ','678');
INSERT INTO pack_car_options(pack_id, car_options_id) VALUES ('26', '678');
INSERT INTO car_option(version, name ,id) VALUES ('0', 'Centrale armsteun voorin ','679');
INSERT INTO pack_car_options(pack_id, car_options_id) VALUES ('26', '679');
INSERT INTO car_option(version, name ,id) VALUES ('0', '"Inlegplaatjes ""Piano Black"" voor elementen van dashboard en deurpanelen "','680');
INSERT INTO pack_car_options(pack_id, car_options_id) VALUES ('26', '680');
INSERT INTO car_option(version, name ,id) VALUES ('0', 'Lendensteunregeling op voorzetels (manueel) ','681');
INSERT INTO pack_car_options(pack_id, car_options_id) VALUES ('26', '681');
INSERT INTO car_option(version, name ,id) VALUES ('0', 'Luchtr. vóór, lichtdraai-, spiegel- verstel- en ruitbedieningsschakelaar, evenals portiergreep met chroomrand','682');
INSERT INTO pack_car_options(pack_id, car_options_id) VALUES ('26', '682');
INSERT INTO car_option(version, name ,id) VALUES ('0', 'Ontgrendeling rugleuning voor rechtervoorstoel ','683');
INSERT INTO pack_car_options(pack_id, car_options_id) VALUES ('26', '683');
INSERT INTO car_option(version, name ,id) VALUES ('0', 'Opbergvakken in dakconsole ','684');
INSERT INTO pack_car_options(pack_id, car_options_id) VALUES ('26', '684');
INSERT INTO car_option(version, name ,id) VALUES ('0', 'Schuifladen onder voorstoelen ','685');
INSERT INTO pack_car_options(pack_id, car_options_id) VALUES ('26', '685');
INSERT INTO car_option(version, name ,id) VALUES ('0', 'Sfeer- en omgevingsverlichting ','686');
INSERT INTO pack_car_options(pack_id, car_options_id) VALUES ('26', '686');
INSERT INTO car_option(version, name ,id) VALUES ('0', 'Sport-comfortstoelen vóór ','687');
INSERT INTO pack_car_options(pack_id, car_options_id) VALUES ('26', '687');
INSERT INTO car_option(version, name ,id) VALUES ('0', '"Stoelmiddenbanen van microvlies ""ArtVelours"" "','688');
INSERT INTO pack_car_options(pack_id, car_options_id) VALUES ('26', '688');
INSERT INTO car_option(version, name ,id) VALUES ('0', 'Variabele koffervloer ','689');
INSERT INTO pack_car_options(pack_id, car_options_id) VALUES ('26', '689');
INSERT INTO car_option(version, name ,id) VALUES ('0', 'Zetels vooraan manueel regelbaar in de hoogte ','690');
INSERT INTO pack_car_options(pack_id, car_options_id) VALUES ('26', '690');
INSERT INTO car_option(version, name ,id) VALUES ('0', 'Coming home / Leaving home functie - automatische lichten - regen-en lichtdetector','691');
INSERT INTO pack_car_options(pack_id, car_options_id) VALUES ('26', '691');
INSERT INTO car_option(version, name ,id) VALUES ('0', 'Alcantara','692');
INSERT INTO pack_car_options(pack_id, car_options_id) VALUES ('26', '692');
INSERT INTO car_option(version, name ,id) VALUES ('0', 'Electro-chromatische binnenspiegel ','693');
INSERT INTO pack_car_options(pack_id, car_options_id) VALUES ('26', '693');
INSERT INTO car_option(version, name ,id) VALUES ('0', 'Elektronisch stabiliseringsprogramma (ESP) inkl. ABS, EBV, ASR, EDS en MSR ','694');
INSERT INTO pack_car_options(pack_id, car_options_id) VALUES ('26', '694');
INSERT INTO car_option(version, name ,id) VALUES ('0', 'Hoofdsteunen voor voorstoelen (X-verstelling) ','695');
INSERT INTO pack_car_options(pack_id, car_options_id) VALUES ('26', '695');
INSERT INTO car_option(version, name ,id) VALUES ('0', 'Mistkoplampen incl. afdraaiverlichting ','696');
INSERT INTO pack_car_options(pack_id, car_options_id) VALUES ('26', '696');
INSERT INTO car_option(version, name ,id) VALUES ('0', '8 luidsprekers ','697');
INSERT INTO pack_car_options(pack_id, car_options_id) VALUES ('26', '697');
INSERT INTO car_option(version, name ,id) VALUES ('0', 'Binnenverlichting in voetenruimte in Led vooraan','698');
INSERT INTO pack_car_options(pack_id, car_options_id) VALUES ('26', '698');
INSERT INTO car_option(version, name ,id) VALUES ('0', 'Boordcomputer ''Premium'' ','699');
INSERT INTO pack_car_options(pack_id, car_options_id) VALUES ('26', '699');
INSERT INTO car_option(version, name ,id) VALUES ('0', 'Klimaatregeling 3-zones ''Pure Air Climatronic'' ','700');
INSERT INTO pack_car_options(pack_id, car_options_id) VALUES ('26', '700');
INSERT INTO car_option(version, name ,id) VALUES ('0', '7 zitplaatsen','701');
INSERT INTO pack_car_options(pack_id, car_options_id) VALUES ('26', '701');
INSERT INTO car_option(version, name ,id) VALUES ('0', 'Metaalkleur','702');
INSERT INTO pack_car_options(pack_id, car_options_id) VALUES ('26', '702');
INSERT INTO car_option(version, name ,id) VALUES ('0', '"Alu velgen Brighton 16"""','703');
INSERT INTO pack_car_options(pack_id, car_options_id) VALUES ('26', '703');
INSERT INTO car_option(version, name ,id) VALUES ('0', 'Park Assist','704');
INSERT INTO pack_car_options(pack_id, car_options_id) VALUES ('26', '704');
INSERT INTO car_option(version, name ,id) VALUES ('0', '  FM/AM ontvangst met RDS','705');
INSERT INTO pack_car_options(pack_id, car_options_id) VALUES ('26', '705');
INSERT INTO car_option(version, name ,id) VALUES ('0', '  SD kaartlezer','706');
INSERT INTO pack_car_options(pack_id, car_options_id) VALUES ('26', '706');
INSERT INTO car_option(version, name ,id) VALUES ('0', '  Radiovoorbereiding 8 luidsprekers, 4x20 watt uitgaand vermogen','707');
INSERT INTO pack_car_options(pack_id, car_options_id) VALUES ('26', '707');
INSERT INTO car_option(version, name ,id) VALUES ('0', '  cd speler','708');
INSERT INTO pack_car_options(pack_id, car_options_id) VALUES ('26', '708');
INSERT INTO car_option(version, name ,id) VALUES ('0', '"  6,5"" tft aanraakkleurenscherm met nabijheidssensoren"','709');
INSERT INTO pack_car_options(pack_id, car_options_id) VALUES ('26', '709');
INSERT INTO car_option(version, name ,id) VALUES ('0', '  gsm voorbereiding Bluetooth','710');
INSERT INTO pack_car_options(pack_id, car_options_id) VALUES ('26', '710');
INSERT INTO car_option(version, name ,id) VALUES ('0', 'Navigatie uitbreiding ''Discover Media'' voor de radio ''Composition Media'':','711');
INSERT INTO pack_car_options(pack_id, car_options_id) VALUES ('26', '711');
INSERT INTO car_option(version, name ,id) VALUES ('0', '  Map Care (www.navigation.com/vw nl)','712');
INSERT INTO pack_car_options(pack_id, car_options_id) VALUES ('26', '712');
INSERT INTO car_option(version, name ,id) VALUES ('0', '  Car Net (licentie 3 jaar Guide & Inform)   www.volkswagen carnet.com/be/','713');
INSERT INTO pack_car_options(pack_id, car_options_id) VALUES ('26', '713');
INSERT INTO car_option(version, name ,id) VALUES ('0', 'USB interface ook voor iPod/iPhone, incl. multimedia aansluiting Aux In','714');
INSERT INTO pack_car_options(pack_id, car_options_id) VALUES ('26', '714');
INSERT INTO car_option(version, name ,id) VALUES ('0', 'ParkPilot parkeersensoren (voor  en achteraan)','715');
INSERT INTO pack_car_options(pack_id, car_options_id) VALUES ('26', '715');
INSERT INTO car_option(version, name ,id) VALUES ('0', 'Centrale armsteun voorin:','716');
INSERT INTO pack_car_options(pack_id, car_options_id) VALUES ('26', '716');
INSERT INTO car_option(version, name ,id) VALUES ('0', '  incl. opbergbox met uitneembaar bakje','717');
INSERT INTO pack_car_options(pack_id, car_options_id) VALUES ('26', '717');
INSERT INTO car_option(version, name ,id) VALUES ('0', '  incl. opberglade en 12V stopcontact achterin','718');
INSERT INTO pack_car_options(pack_id, car_options_id) VALUES ('26', '718');
INSERT INTO car_option(version, name ,id) VALUES ('0', '  incl. opbergnet in de voetenruimte aan passagierszijde voorin','719');
INSERT INTO pack_car_options(pack_id, car_options_id) VALUES ('26', '719');
INSERT INTO car_option(version, name ,id) VALUES ('0', '  armsteun in hoogte en lengte verstelbaar','720');
INSERT INTO pack_car_options(pack_id, car_options_id) VALUES ('26', '720');
INSERT INTO car_option(version, name ,id) VALUES ('0', '  2 ventilatieopeningen achterin','721');
INSERT INTO pack_car_options(pack_id, car_options_id) VALUES ('26', '721');
INSERT INTO car_option(version, name ,id) VALUES ('0', 'Klimaatregeling 3 zones ''Pure Air Climatronic'':','722');
INSERT INTO pack_car_options(pack_id, car_options_id) VALUES ('26', '722');
INSERT INTO car_option(version, name ,id) VALUES ('0', '  temperatuurregeling in 3 zones (bestuurder, passagier voorin, passagiers achterin)','723');
INSERT INTO pack_car_options(pack_id, car_options_id) VALUES ('26', '723');
INSERT INTO car_option(version, name ,id) VALUES ('0', '  gescheiden regelbaar, incl. bedieningseenheid op 2e zetelrij','724');
INSERT INTO pack_car_options(pack_id, car_options_id) VALUES ('26', '724');
INSERT INTO car_option(version, name ,id) VALUES ('0', '  koelmogelijkheid voor het handschoenkastje','725');
INSERT INTO pack_car_options(pack_id, car_options_id) VALUES ('26', '725');
INSERT INTO car_option(version, name ,id) VALUES ('0', '  luchtkwaliteitssensor','726');
INSERT INTO pack_car_options(pack_id, car_options_id) VALUES ('26', '726');
INSERT INTO car_option(version, name ,id) VALUES ('0', '  stof  en pollenfilter met actieve kool en anti allergene coating','727');
INSERT INTO pack_car_options(pack_id, car_options_id) VALUES ('26', '727');
INSERT INTO car (isdeleted, id,  version, category, emission, fiscalhp, fuel_type, brand, model, pk, delivery_time, ideal_km, max_km, list_price, benefit, amount_upgrade, amount_downgrade, car_type, base_pack_id) VALUES(0,'36','0','5','115','9','DIESEL','VW','New Touran 1.6TDI Highline 110 pk BMT 6v','110','5','140000','180000','31122.47','175.62','1450.67','6970.93','MONOVOLUME','26');
INSERT INTO car_pictures(Car_id, pictures) VALUES('36','http://1.bp.blogspot.com/-Zw-D7oD78L4/VPYVRXkleeI/AAAAAAAAtnU/mbjYY2vC4hc/s1600/VW-Touran-New-2555.jpg');
INSERT INTO pack(name, price, version, id) VALUES ('Pack Business Pro', '500', '0', '27');
INSERT INTO car_option(version, name ,id) VALUES ('0', 'Front Assist','728');
INSERT INTO pack_car_options(pack_id, car_options_id) VALUES ('27', '728');
INSERT INTO car_option(version, name ,id) VALUES ('0', 'City Emergency Brake','729');
INSERT INTO pack_car_options(pack_id, car_options_id) VALUES ('27', '729');
INSERT INTO car_option(version, name ,id) VALUES ('0', 'Adaptive Cruise Control','730');
INSERT INTO pack_car_options(pack_id, car_options_id) VALUES ('27', '730');
INSERT INTO car_option(version, name ,id) VALUES ('0', 'Multi-collision break','731');
INSERT INTO pack_car_options(pack_id, car_options_id) VALUES ('27', '731');
INSERT INTO car_option(version, name ,id) VALUES ('0', 'Vermoeidheidsdetectie','732');
INSERT INTO pack_car_options(pack_id, car_options_id) VALUES ('27', '732');
INSERT INTO car_option(version, name ,id) VALUES ('0', 'LED Achterlichten','733');
INSERT INTO pack_car_options(pack_id, car_options_id) VALUES ('27', '733');
INSERT INTO car_option(version, name ,id) VALUES ('0', 'Keyless Go ','734');
INSERT INTO pack_car_options(pack_id, car_options_id) VALUES ('27', '734');
INSERT INTO car_option(version, name ,id) VALUES ('0', 'Verwarmbaar multifunctiestuur','735');
INSERT INTO pack_car_options(pack_id, car_options_id) VALUES ('27', '735');
INSERT INTO car_option(version, name ,id) VALUES ('0', 'Park Pilot voor- en achteraan','736');
INSERT INTO pack_car_options(pack_id, car_options_id) VALUES ('27', '736');
INSERT INTO car_option(version, name ,id) VALUES ('0', '8 luidsprekers','737');
INSERT INTO pack_car_options(pack_id, car_options_id) VALUES ('27', '737');
INSERT INTO car_option(version, name ,id) VALUES ('0', 'Verwarmbare voorruit','738');
INSERT INTO pack_car_options(pack_id, car_options_id) VALUES ('27', '738');
INSERT INTO car_option(version, name ,id) VALUES ('0', 'Verwarmde zetels vooraan','739');
INSERT INTO pack_car_options(pack_id, car_options_id) VALUES ('27', '739');
INSERT INTO car_option(version, name ,id) VALUES ('0', 'Climatronic 3-zones','740');
INSERT INTO pack_car_options(pack_id, car_options_id) VALUES ('27', '740');
INSERT INTO car_option(version, name ,id) VALUES ('0', 'Bekleding in Leder/Alcantara','741');
INSERT INTO pack_car_options(pack_id, car_options_id) VALUES ('27', '741');
INSERT INTO car_option(version, name ,id) VALUES ('0', 'Lederen multifunctiestuur','742');
INSERT INTO pack_car_options(pack_id, car_options_id) VALUES ('27', '742');
INSERT INTO car_option(version, name ,id) VALUES ('0', 'Boordcomputer Plus','743');
INSERT INTO pack_car_options(pack_id, car_options_id) VALUES ('27', '743');
INSERT INTO car_option(version, name ,id) VALUES ('0', 'Park Pilot voor & achter','744');
INSERT INTO pack_car_options(pack_id, car_options_id) VALUES ('27', '744');
INSERT INTO car_option(version, name ,id) VALUES ('0', '8 luidsprekers','745');
INSERT INTO pack_car_options(pack_id, car_options_id) VALUES ('27', '745');
INSERT INTO car_option(version, name ,id) VALUES ('0', 'Licht & Zichtmodule (inclusief regensensor)','746');
INSERT INTO pack_car_options(pack_id, car_options_id) VALUES ('27', '746');
INSERT INTO car_option(version, name ,id) VALUES ('0', 'Buitenspiegels elektrisch regelbaar en ontdooibaar','747');
INSERT INTO pack_car_options(pack_id, car_options_id) VALUES ('27', '747');
INSERT INTO car_option(version, name ,id) VALUES ('0', 'Centrale armsteun vooraan','748');
INSERT INTO pack_car_options(pack_id, car_options_id) VALUES ('27', '748');
INSERT INTO car_option(version, name ,id) VALUES ('0', 'LED verlichting van de voetruimte vooraan','749');
INSERT INTO pack_car_options(pack_id, car_options_id) VALUES ('27', '749');
INSERT INTO car_option(version, name ,id) VALUES ('0', 'Zetels vooraan regelbaar in de hoogte','750');
INSERT INTO pack_car_options(pack_id, car_options_id) VALUES ('27', '750');
INSERT INTO car_option(version, name ,id) VALUES ('0', 'Bekerhouders vooraan','751');
INSERT INTO pack_car_options(pack_id, car_options_id) VALUES ('27', '751');
INSERT INTO car_option(version, name ,id) VALUES ('0', 'Vloermatjes voor- en achteraan','752');
INSERT INTO pack_car_options(pack_id, car_options_id) VALUES ('27', '752');
INSERT INTO car_option(version, name ,id) VALUES ('0', 'Indeelbare kofferruimte','753');
INSERT INTO pack_car_options(pack_id, car_options_id) VALUES ('27', '753');
INSERT INTO car_option(version, name ,id) VALUES ('0', 'Rugleuning van de achterbank neerklapbaar 60-40','754');
INSERT INTO pack_car_options(pack_id, car_options_id) VALUES ('27', '754');
INSERT INTO car_option(version, name ,id) VALUES ('0', 'Elektro-mechanische handrem met hill hold/auto hold','755');
INSERT INTO pack_car_options(pack_id, car_options_id) VALUES ('27', '755');
INSERT INTO car_option(version, name ,id) VALUES ('0', 'Coming Home - Leaving Home','756');
INSERT INTO pack_car_options(pack_id, car_options_id) VALUES ('27', '756');
INSERT INTO car_option(version, name ,id) VALUES ('0', 'LED leeslampjes voor- en achteraan','757');
INSERT INTO pack_car_options(pack_id, car_options_id) VALUES ('27', '757');
INSERT INTO car_option(version, name ,id) VALUES ('0', 'Tire Mobility Set','758');
INSERT INTO pack_car_options(pack_id, car_options_id) VALUES ('27', '758');
INSERT INTO car_option(version, name ,id) VALUES ('0', 'Bandendrukkontrole','759');
INSERT INTO pack_car_options(pack_id, car_options_id) VALUES ('27', '759');
INSERT INTO car_option(version, name ,id) VALUES ('0', '"Lichtmetalen velgen 6,5 J x 17"""','760');
INSERT INTO pack_car_options(pack_id, car_options_id) VALUES ('27', '760');
INSERT INTO car_option(version, name ,id) VALUES ('0', 'Vensteromlijsting in chroom','761');
INSERT INTO pack_car_options(pack_id, car_options_id) VALUES ('27', '761');
INSERT INTO car_option(version, name ,id) VALUES ('0', 'Bekerhourders vooraan met afdekking','762');
INSERT INTO pack_car_options(pack_id, car_options_id) VALUES ('27', '762');
INSERT INTO car_option(version, name ,id) VALUES ('0', 'Centrale armsteun achteraan','763');
INSERT INTO pack_car_options(pack_id, car_options_id) VALUES ('27', '763');
INSERT INTO car_option(version, name ,id) VALUES ('0', '"""Comfort""  zetels vooraan"','764');
INSERT INTO pack_car_options(pack_id, car_options_id) VALUES ('27', '764');
INSERT INTO car_option(version, name ,id) VALUES ('0', 'Zetels vooraan met regelbare lendensteun','765');
INSERT INTO pack_car_options(pack_id, car_options_id) VALUES ('27', '765');
INSERT INTO car_option(version, name ,id) VALUES ('0', 'Bestuurderszetel met elekstrisch regelbare lendensteun','766');
INSERT INTO pack_car_options(pack_id, car_options_id) VALUES ('27', '766');
INSERT INTO car_option(version, name ,id) VALUES ('0', 'Bestuurderszetel met ErgoComfort funktie','767');
INSERT INTO pack_car_options(pack_id, car_options_id) VALUES ('27', '767');
INSERT INTO car_option(version, name ,id) VALUES ('0', 'Buitenspiegel kant bestuurder met elektro-chromatische functie','768');
INSERT INTO pack_car_options(pack_id, car_options_id) VALUES ('27', '768');
INSERT INTO car_option(version, name ,id) VALUES ('0', 'GPS Discover Pro','769');
INSERT INTO pack_car_options(pack_id, car_options_id) VALUES ('27', '769');
INSERT INTO car_option(version, name ,id) VALUES ('0', '  8 luidsprekers','770');
INSERT INTO pack_car_options(pack_id, car_options_id) VALUES ('27', '770');
INSERT INTO car_option(version, name ,id) VALUES ('0', '"  Navigatie met 8"" aanraakscherm"','771');
INSERT INTO pack_car_options(pack_id, car_options_id) VALUES ('27', '771');
INSERT INTO car_option(version, name ,id) VALUES ('0', '  Navigatiegegevens Europa op intern geheugen','772');
INSERT INTO pack_car_options(pack_id, car_options_id) VALUES ('27', '772');
INSERT INTO car_option(version, name ,id) VALUES ('0', '  CD-lezer','773');
INSERT INTO pack_car_options(pack_id, car_options_id) VALUES ('27', '773');
INSERT INTO car_option(version, name ,id) VALUES ('0', '  Aux in, USB, 2 x SD','774');
INSERT INTO pack_car_options(pack_id, car_options_id) VALUES ('27', '774');
INSERT INTO car_option(version, name ,id) VALUES ('0', '  Bluetooth connectie (telefoon en audio)','775');
INSERT INTO pack_car_options(pack_id, car_options_id) VALUES ('27', '775');
INSERT INTO car_option(version, name ,id) VALUES ('0', 'Elektrisch inklapbare buitenspiegels','776');
INSERT INTO pack_car_options(pack_id, car_options_id) VALUES ('27', '776');
INSERT INTO car (isdeleted, id,  version, category, emission, fiscalhp, fuel_type, brand, model, pk, delivery_time, ideal_km, max_km, list_price, benefit, amount_upgrade, amount_downgrade, car_type, base_pack_id) VALUES(0,'37','0','5','106','11','DIESEL','VW','Passat berline 2.0 tdi 150 pk highline','150','4','180000','200000','35187.49','175.94','3464.13','4957.47','NORMAL','27');
INSERT INTO car_pictures(Car_id, pictures) VALUES('37','http://www.automania.be/files/Image/articles/jpg/VWpassat_r36_db2006au01989_.jpg');
INSERT INTO pack(name, price, version, id) VALUES ('Pack Amundsen', '500', '0', '28');
INSERT INTO car_option(version, name ,id) VALUES ('0', '7 Airbags','777');
INSERT INTO pack_car_options(pack_id, car_options_id) VALUES ('28', '777');
INSERT INTO car_option(version, name ,id) VALUES ('0', 'ESC','778');
INSERT INTO pack_car_options(pack_id, car_options_id) VALUES ('28', '778');
INSERT INTO car_option(version, name ,id) VALUES ('0', 'Bandenspanningscontrole','779');
INSERT INTO pack_car_options(pack_id, car_options_id) VALUES ('28', '779');
INSERT INTO car_option(version, name ,id) VALUES ('0', 'Electronische airco.','780');
INSERT INTO pack_car_options(pack_id, car_options_id) VALUES ('28', '780');
INSERT INTO car_option(version, name ,id) VALUES ('0', 'LED achterlichten','781');
INSERT INTO pack_car_options(pack_id, car_options_id) VALUES ('28', '781');
INSERT INTO car_option(version, name ,id) VALUES ('0', 'Mistlichten met bochtenverlichting','782');
INSERT INTO pack_car_options(pack_id, car_options_id) VALUES ('28', '782');
INSERT INTO car_option(version, name ,id) VALUES ('0', 'Regen-en lichtsensor','783');
INSERT INTO pack_car_options(pack_id, car_options_id) VALUES ('28', '783');
INSERT INTO car_option(version, name ,id) VALUES ('0', 'Start/Stop -systeem','784');
INSERT INTO pack_car_options(pack_id, car_options_id) VALUES ('28', '784');
INSERT INTO car_option(version, name ,id) VALUES ('0', 'Sierlijsten ruiten met chroomafwerking','785');
INSERT INTO pack_car_options(pack_id, car_options_id) VALUES ('28', '785');
INSERT INTO car_option(version, name ,id) VALUES ('0', '"16"" lichtmetalen velgen"','786');
INSERT INTO pack_car_options(pack_id, car_options_id) VALUES ('28', '786');
INSERT INTO car_option(version, name ,id) VALUES ('0', 'Electrisch regelbare bestuurderzetel','787');
INSERT INTO pack_car_options(pack_id, car_options_id) VALUES ('28', '787');
INSERT INTO car_option(version, name ,id) VALUES ('0', 'Centrale armsteun','788');
INSERT INTO pack_car_options(pack_id, car_options_id) VALUES ('28', '788');
INSERT INTO car_option(version, name ,id) VALUES ('0', 'Opbergvak onder passagierzetel','789');
INSERT INTO pack_car_options(pack_id, car_options_id) VALUES ('28', '789');
INSERT INTO car_option(version, name ,id) VALUES ('0', 'Snelheidregelaar','790');
INSERT INTO pack_car_options(pack_id, car_options_id) VALUES ('28', '790');
INSERT INTO car_option(version, name ,id) VALUES ('0', 'Tapijten','791');
INSERT INTO pack_car_options(pack_id, car_options_id) VALUES ('28', '791');
INSERT INTO car_option(version, name ,id) VALUES ('0', 'Spiegels met automatische dimfunctie','792');
INSERT INTO pack_car_options(pack_id, car_options_id) VALUES ('28', '792');
INSERT INTO car_option(version, name ,id) VALUES ('0', 'GPS met kaarten van west-Europa','793');
INSERT INTO pack_car_options(pack_id, car_options_id) VALUES ('28', '793');
INSERT INTO car_option(version, name ,id) VALUES ('0', 'Bluetooth','794');
INSERT INTO pack_car_options(pack_id, car_options_id) VALUES ('28', '794');
INSERT INTO car (isdeleted, id,  version, category, emission, fiscalhp, fuel_type, brand, model, pk, delivery_time, ideal_km, max_km, list_price, benefit, amount_upgrade, amount_downgrade, car_type, base_pack_id) VALUES(0,'38','0','5','121','11','DIESEL','Skoda','superb combi 2.0 tdi 140 pk Greentec','140','4','180000','200000','30169.23','183.17','2785.89','5635.71','BREAK','28');
INSERT INTO car_pictures(Car_id, pictures) VALUES('38','http://i.auto-bild.de/ir_img/1/2/8/4/4/3/8/Skoda-Superb-Combi-IAA-2015-Test-Sitzprobe-1200x800-37be715d570a3384.jpg');
INSERT INTO pack(name, price, version, id) VALUES ('Pack Executive Fleet Plus', '500', '0', '29');
INSERT INTO car_option(version, name ,id) VALUES ('0', 'elektonische klimaatregeling','795');
INSERT INTO pack_car_options(pack_id, car_options_id) VALUES ('29', '795');
INSERT INTO car_option(version, name ,id) VALUES ('0', 'lederen stuur ','796');
INSERT INTO pack_car_options(pack_id, car_options_id) VALUES ('29', '796');
INSERT INTO car_option(version, name ,id) VALUES ('0', 'elektrische ruiten ','797');
INSERT INTO pack_car_options(pack_id, car_options_id) VALUES ('29', '797');
INSERT INTO car_option(version, name ,id) VALUES ('0', 'isofix-voorbereiding','798');
INSERT INTO pack_car_options(pack_id, car_options_id) VALUES ('29', '798');
INSERT INTO car_option(version, name ,id) VALUES ('0', 'boordcomputer','799');
INSERT INTO pack_car_options(pack_id, car_options_id) VALUES ('29', '799');
INSERT INTO car_option(version, name ,id) VALUES ('0', 'ABS','800');
INSERT INTO pack_car_options(pack_id, car_options_id) VALUES ('29', '800');
INSERT INTO car_option(version, name ,id) VALUES ('0', 'ESC tractiecontrole','801');
INSERT INTO pack_car_options(pack_id, car_options_id) VALUES ('29', '801');
INSERT INTO car_option(version, name ,id) VALUES ('0', 'bandenspanningscontrole','802');
INSERT INTO pack_car_options(pack_id, car_options_id) VALUES ('29', '802');
INSERT INTO car_option(version, name ,id) VALUES ('0', 'metaalkleur (behalve Exclusive kleuren)','803');
INSERT INTO pack_car_options(pack_id, car_options_id) VALUES ('29', '803');
INSERT INTO car_option(version, name ,id) VALUES ('0', 'buitenspiegels elektrisch inklapbaar en verwarmbaar','804');
INSERT INTO pack_car_options(pack_id, car_options_id) VALUES ('29', '804');
INSERT INTO car_option(version, name ,id) VALUES ('0', 'GPS met DVD','805');
INSERT INTO pack_car_options(pack_id, car_options_id) VALUES ('29', '805');
INSERT INTO car_option(version, name ,id) VALUES ('0', 'volumetrisch en perimetrisch alarm','806');
INSERT INTO pack_car_options(pack_id, car_options_id) VALUES ('29', '806');
INSERT INTO car_option(version, name ,id) VALUES ('0', 'boordcomputer in kleur','807');
INSERT INTO pack_car_options(pack_id, car_options_id) VALUES ('29', '807');
INSERT INTO car_option(version, name ,id) VALUES ('0', 'GSM bluetooth connectie ','808');
INSERT INTO pack_car_options(pack_id, car_options_id) VALUES ('29', '808');
INSERT INTO car_option(version, name ,id) VALUES ('0', 'multifunctiestuur ','809');
INSERT INTO pack_car_options(pack_id, car_options_id) VALUES ('29', '809');
INSERT INTO car_option(version, name ,id) VALUES ('0', 'Acoustic Parking System achteraan','810');
INSERT INTO pack_car_options(pack_id, car_options_id) VALUES ('29', '810');
INSERT INTO car_option(version, name ,id) VALUES ('0', 'snelheidsregelaar','811');
INSERT INTO pack_car_options(pack_id, car_options_id) VALUES ('29', '811');
INSERT INTO car (isdeleted, id,  version, category, emission, fiscalhp, fuel_type, brand, model, pk, delivery_time, ideal_km, max_km, list_price, benefit, amount_upgrade, amount_downgrade, car_type, base_pack_id) VALUES(0,'39','0','5','123','11','DIESEL','Audi','A4 avant 2.0 tdi 120 pk','120','4','180000','200000','31180.52','193.76','4077.92','4343.68','BREAK','29');
INSERT INTO car_pictures(Car_id, pictures) VALUES('39','http://www.larevueautomobile.com/v6-Image/photo.php?src=/fiche-technique/photos/2013/Audi/A4-Avant/S4/Audi_A4_Avant_S4_001.jpg');
INSERT INTO pack(name, price, version, id) VALUES ('Pack Executive Plus & Lounge', '500', '0', '30');
INSERT INTO car_option(version, name ,id) VALUES ('0', 'elektonische klimaatregeling','812');
INSERT INTO pack_car_options(pack_id, car_options_id) VALUES ('30', '812');
INSERT INTO car_option(version, name ,id) VALUES ('0', 'isofix-voorbereiding','813');
INSERT INTO pack_car_options(pack_id, car_options_id) VALUES ('30', '813');
INSERT INTO car_option(version, name ,id) VALUES ('0', 'boordcomputer','814');
INSERT INTO pack_car_options(pack_id, car_options_id) VALUES ('30', '814');
INSERT INTO car_option(version, name ,id) VALUES ('0', 'verlaagde sportvering (20 mm)','815');
INSERT INTO pack_car_options(pack_id, car_options_id) VALUES ('30', '815');
INSERT INTO car_option(version, name ,id) VALUES ('0', 'ABS','816');
INSERT INTO pack_car_options(pack_id, car_options_id) VALUES ('30', '816');
INSERT INTO car_option(version, name ,id) VALUES ('0', 'ESC tractiecontrole','817');
INSERT INTO pack_car_options(pack_id, car_options_id) VALUES ('30', '817');
INSERT INTO car_option(version, name ,id) VALUES ('0', 'banden met verbeterde rolweerstand','818');
INSERT INTO pack_car_options(pack_id, car_options_id) VALUES ('30', '818');
INSERT INTO car_option(version, name ,id) VALUES ('0', 'bandenspanningscontrole','819');
INSERT INTO pack_car_options(pack_id, car_options_id) VALUES ('30', '819');
INSERT INTO car_option(version, name ,id) VALUES ('0', 'metaalkleur (behalve Exclusive kleuren)','820');
INSERT INTO pack_car_options(pack_id, car_options_id) VALUES ('30', '820');
INSERT INTO car_option(version, name ,id) VALUES ('0', 'buitenspiegels elektrisch inklapbaar en verwarmbaar','821');
INSERT INTO pack_car_options(pack_id, car_options_id) VALUES ('30', '821');
INSERT INTO car_option(version, name ,id) VALUES ('0', 'GPS met DVD','822');
INSERT INTO pack_car_options(pack_id, car_options_id) VALUES ('30', '822');
INSERT INTO car_option(version, name ,id) VALUES ('0', 'volumetrisch en perimetrisch alarm','823');
INSERT INTO pack_car_options(pack_id, car_options_id) VALUES ('30', '823');
INSERT INTO car_option(version, name ,id) VALUES ('0', 'boordcomputer in kleur','824');
INSERT INTO pack_car_options(pack_id, car_options_id) VALUES ('30', '824');
INSERT INTO car_option(version, name ,id) VALUES ('0', 'GSM bluetooth connectie ','825');
INSERT INTO pack_car_options(pack_id, car_options_id) VALUES ('30', '825');
INSERT INTO car_option(version, name ,id) VALUES ('0', 'multifunctiestuur ','826');
INSERT INTO pack_car_options(pack_id, car_options_id) VALUES ('30', '826');
INSERT INTO car_option(version, name ,id) VALUES ('0', 'Acoustic Parking System achteraan','827');
INSERT INTO pack_car_options(pack_id, car_options_id) VALUES ('30', '827');
INSERT INTO car_option(version, name ,id) VALUES ('0', 'snelheidsregelaar','828');
INSERT INTO pack_car_options(pack_id, car_options_id) VALUES ('30', '828');
INSERT INTO car_option(version, name ,id) VALUES ('0', '"alu velgen 10 spaken 16"""','829');
INSERT INTO pack_car_options(pack_id, car_options_id) VALUES ('30', '829');
INSERT INTO car_option(version, name ,id) VALUES ('0', 'binnenbekleding leder Milano','830');
INSERT INTO pack_car_options(pack_id, car_options_id) VALUES ('30', '830');
INSERT INTO car_option(version, name ,id) VALUES ('0', 'verwarmde zetels vooraan','831');
INSERT INTO pack_car_options(pack_id, car_options_id) VALUES ('30', '831');
INSERT INTO car_option(version, name ,id) VALUES ('0', 'licht- en regensensor','832');
INSERT INTO pack_car_options(pack_id, car_options_id) VALUES ('30', '832');
INSERT INTO car_option(version, name ,id) VALUES ('0', 'automatische binnenspiegel dag-nacht','833');
INSERT INTO pack_car_options(pack_id, car_options_id) VALUES ('30', '833');
INSERT INTO car (isdeleted, id,  version, category, emission, fiscalhp, fuel_type, brand, model, pk, delivery_time, ideal_km, max_km, list_price, benefit, amount_upgrade, amount_downgrade, car_type, base_pack_id) VALUES(0,'40','0','6','109','11','DIESEL','Audi','A4 avant 2.0 tdi ultra 136 pk 6 v','136','4','180000','200000','34864.63','181.79','1501.75','0','BREAK','30');
INSERT INTO car_pictures(Car_id, pictures) VALUES('40','http://www.larevueautomobile.com/v6-Image/photo.php?src=/fiche-technique/photos/2013/Audi/A4-Avant/S4/Audi_A4_Avant_S4_001.jpg');
INSERT INTO pack(name, price, version, id) VALUES ('Pack Adventure Plus', '500', '0', '31');
INSERT INTO car_option(version, name ,id) VALUES ('0', 'elektrische ruiten ','834');
INSERT INTO pack_car_options(pack_id, car_options_id) VALUES ('31', '834');
INSERT INTO car_option(version, name ,id) VALUES ('0', 'isofix-voorbereiding achteraan','835');
INSERT INTO pack_car_options(pack_id, car_options_id) VALUES ('31', '835');
INSERT INTO car_option(version, name ,id) VALUES ('0', 'licht- en regensensor','836');
INSERT INTO pack_car_options(pack_id, car_options_id) VALUES ('31', '836');
INSERT INTO car_option(version, name ,id) VALUES ('0', 'ABS','837');
INSERT INTO pack_car_options(pack_id, car_options_id) VALUES ('31', '837');
INSERT INTO car_option(version, name ,id) VALUES ('0', 'ESC tractiecontrole','838');
INSERT INTO pack_car_options(pack_id, car_options_id) VALUES ('31', '838');
INSERT INTO car_option(version, name ,id) VALUES ('0', '"alu velgen 10 spaken Design 17"""','839');
INSERT INTO pack_car_options(pack_id, car_options_id) VALUES ('31', '839');
INSERT INTO car_option(version, name ,id) VALUES ('0', 'mini reservewiel','840');
INSERT INTO pack_car_options(pack_id, car_options_id) VALUES ('31', '840');
INSERT INTO car_option(version, name ,id) VALUES ('0', 'bandenspanningscontrole','841');
INSERT INTO pack_car_options(pack_id, car_options_id) VALUES ('31', '841');
INSERT INTO car_option(version, name ,id) VALUES ('0', 'metaalkleur (behalve Exclusive kleuren)','842');
INSERT INTO pack_car_options(pack_id, car_options_id) VALUES ('31', '842');
INSERT INTO car_option(version, name ,id) VALUES ('0', 'buitenspiegels elektrisch inklapbaar ','843');
INSERT INTO pack_car_options(pack_id, car_options_id) VALUES ('31', '843');
INSERT INTO car_option(version, name ,id) VALUES ('0', 'GPS met SD kaart','844');
INSERT INTO pack_car_options(pack_id, car_options_id) VALUES ('31', '844');
INSERT INTO car_option(version, name ,id) VALUES ('0', 'antidiefstalbouten ','845');
INSERT INTO pack_car_options(pack_id, car_options_id) VALUES ('31', '845');
INSERT INTO car_option(version, name ,id) VALUES ('0', 'boordcomputer in kleur','846');
INSERT INTO pack_car_options(pack_id, car_options_id) VALUES ('31', '846');
INSERT INTO car_option(version, name ,id) VALUES ('0', 'bluetooth connectie (telefoon en audio)','847');
INSERT INTO pack_car_options(pack_id, car_options_id) VALUES ('31', '847');
INSERT INTO car_option(version, name ,id) VALUES ('0', 'multifunctiestuur ','848');
INSERT INTO pack_car_options(pack_id, car_options_id) VALUES ('31', '848');
INSERT INTO car_option(version, name ,id) VALUES ('0', 'Acoustic Parking System achteraan','849');
INSERT INTO pack_car_options(pack_id, car_options_id) VALUES ('31', '849');
INSERT INTO car_option(version, name ,id) VALUES ('0', 'snelheidsregelaar','850');
INSERT INTO pack_car_options(pack_id, car_options_id) VALUES ('31', '850');
INSERT INTO car_option(version, name ,id) VALUES ('0', 'uitneembare asbakbeker en aansteker','851');
INSERT INTO pack_car_options(pack_id, car_options_id) VALUES ('31', '851');
INSERT INTO car_option(version, name ,id) VALUES ('0', 'radio Concert','852');
INSERT INTO pack_car_options(pack_id, car_options_id) VALUES ('31', '852');
INSERT INTO car (isdeleted, id,  version, category, emission, fiscalhp, fuel_type, brand, model, pk, delivery_time, ideal_km, max_km, list_price, benefit, amount_upgrade, amount_downgrade, car_type, base_pack_id) VALUES(0,'41','0','6','114','11','DIESEL','Audi','Q3 2.0 tdi ultra 150 pk','150','5','180000','200000','33739.60','187.98','2487.12','0','NORMAL','31');
INSERT INTO car_pictures(Car_id, pictures) VALUES('41','http://cdn1.autoexpress.co.uk/sites/autoexpressuk/files/styles/article_main_image/public/4/46/dsc_7848_0.jpg?itok=RN6QLdf8');
INSERT INTO pack(name, price, version, id) VALUES ('Pack Executive Plus', '500', '0', '32');
INSERT INTO car_option(version, name ,id) VALUES ('0', 'banden met verbeterde rolweerstand','853');
INSERT INTO pack_car_options(pack_id, car_options_id) VALUES ('32', '853');
INSERT INTO car_option(version, name ,id) VALUES ('0', 'verlaagde sportvering (20 mm)','854');
INSERT INTO pack_car_options(pack_id, car_options_id) VALUES ('32', '854');
INSERT INTO car_option(version, name ,id) VALUES ('0', 'elektrische ruiten ','855');
INSERT INTO pack_car_options(pack_id, car_options_id) VALUES ('32', '855');
INSERT INTO car_option(version, name ,id) VALUES ('0', 'isofix-voorbereiding','856');
INSERT INTO pack_car_options(pack_id, car_options_id) VALUES ('32', '856');
INSERT INTO car_option(version, name ,id) VALUES ('0', 'boordcomputer','857');
INSERT INTO pack_car_options(pack_id, car_options_id) VALUES ('32', '857');
INSERT INTO car_option(version, name ,id) VALUES ('0', 'ABS','858');
INSERT INTO pack_car_options(pack_id, car_options_id) VALUES ('32', '858');
INSERT INTO car_option(version, name ,id) VALUES ('0', 'ESC tractiecontrole','859');
INSERT INTO pack_car_options(pack_id, car_options_id) VALUES ('32', '859');
INSERT INTO car_option(version, name ,id) VALUES ('0', 'bandenspanningscontrole','860');
INSERT INTO pack_car_options(pack_id, car_options_id) VALUES ('32', '860');
INSERT INTO car_option(version, name ,id) VALUES ('0', 'metaalkleur (behalve Exclusive kleuren)','861');
INSERT INTO pack_car_options(pack_id, car_options_id) VALUES ('32', '861');
INSERT INTO car_option(version, name ,id) VALUES ('0', 'buitenspiegels elektrisch regelbaar en verwarmbaar','862');
INSERT INTO pack_car_options(pack_id, car_options_id) VALUES ('32', '862');
INSERT INTO car_option(version, name ,id) VALUES ('0', 'GPS met DVD','863');
INSERT INTO pack_car_options(pack_id, car_options_id) VALUES ('32', '863');
INSERT INTO car_option(version, name ,id) VALUES ('0', 'volumetrisch en perimetrisch alarm','864');
INSERT INTO pack_car_options(pack_id, car_options_id) VALUES ('32', '864');
INSERT INTO car_option(version, name ,id) VALUES ('0', 'boordcomputer in kleur','865');
INSERT INTO pack_car_options(pack_id, car_options_id) VALUES ('32', '865');
INSERT INTO car_option(version, name ,id) VALUES ('0', 'GSM bluetooth connectie ','866');
INSERT INTO pack_car_options(pack_id, car_options_id) VALUES ('32', '866');
INSERT INTO car_option(version, name ,id) VALUES ('0', 'multifunctiestuur ','867');
INSERT INTO pack_car_options(pack_id, car_options_id) VALUES ('32', '867');
INSERT INTO car_option(version, name ,id) VALUES ('0', 'Acoustic Parking System achteraan','868');
INSERT INTO pack_car_options(pack_id, car_options_id) VALUES ('32', '868');
INSERT INTO car_option(version, name ,id) VALUES ('0', 'snelheidsregelaar','869');
INSERT INTO pack_car_options(pack_id, car_options_id) VALUES ('32', '869');
INSERT INTO car_option(version, name ,id) VALUES ('0', '"alu velgen 10 spaken 16"""','870');
INSERT INTO pack_car_options(pack_id, car_options_id) VALUES ('32', '870');
INSERT INTO car_option(version, name ,id) VALUES ('0', 'binnenbekleding leder Milano','871');
INSERT INTO pack_car_options(pack_id, car_options_id) VALUES ('32', '871');
INSERT INTO car_option(version, name ,id) VALUES ('0', 'verwarmde zetels vooraan','872');
INSERT INTO pack_car_options(pack_id, car_options_id) VALUES ('32', '872');
INSERT INTO car_option(version, name ,id) VALUES ('0', 'licht- en regensensor','873');
INSERT INTO pack_car_options(pack_id, car_options_id) VALUES ('32', '873');
INSERT INTO car_option(version, name ,id) VALUES ('0', 'automatische binnenspiegel dag-nacht','874');
INSERT INTO pack_car_options(pack_id, car_options_id) VALUES ('32', '874');
INSERT INTO car (isdeleted, id,  version, category, emission, fiscalhp, fuel_type, brand, model, pk, delivery_time, ideal_km, max_km, list_price, benefit, amount_upgrade, amount_downgrade, car_type, base_pack_id) VALUES(0,'42','0','6','109','11','DIESEL','Audi','A4 berline 2.0 tdi 163 pk ultra','163','4','180000','200000','36170.39','188.60','2963.81','0','NORMAL','32');
INSERT INTO car_pictures(Car_id, pictures) VALUES('42','http://medias.autonews.fr/wp-content/uploads/2013/03/audi-A3-berline-home.jpg');
INSERT INTO pack(name, price, version, id) VALUES ('Pack Executive Fleet Plus', '500', '0', '33');
INSERT INTO car_option(version, name ,id) VALUES ('0', 'elektonische klimaatregeling 2 zones','875');
INSERT INTO pack_car_options(pack_id, car_options_id) VALUES ('33', '875');
INSERT INTO car_option(version, name ,id) VALUES ('0', 'isofix-voorbereiding achteraan','876');
INSERT INTO pack_car_options(pack_id, car_options_id) VALUES ('33', '876');
INSERT INTO car_option(version, name ,id) VALUES ('0', 'boordcomputer','877');
INSERT INTO pack_car_options(pack_id, car_options_id) VALUES ('33', '877');
INSERT INTO car_option(version, name ,id) VALUES ('0', 'Tyre Mobility System','878');
INSERT INTO pack_car_options(pack_id, car_options_id) VALUES ('33', '878');
INSERT INTO car_option(version, name ,id) VALUES ('0', 'ABS','879');
INSERT INTO pack_car_options(pack_id, car_options_id) VALUES ('33', '879');
INSERT INTO car_option(version, name ,id) VALUES ('0', 'ESC tractiecontrole','880');
INSERT INTO pack_car_options(pack_id, car_options_id) VALUES ('33', '880');
INSERT INTO car_option(version, name ,id) VALUES ('0', 'Audi Drive Select','881');
INSERT INTO pack_car_options(pack_id, car_options_id) VALUES ('33', '881');
INSERT INTO car_option(version, name ,id) VALUES ('0', 'licht- en regensensor','882');
INSERT INTO pack_car_options(pack_id, car_options_id) VALUES ('33', '882');
INSERT INTO car_option(version, name ,id) VALUES ('0', 'bandenspanningscontrole','883');
INSERT INTO pack_car_options(pack_id, car_options_id) VALUES ('33', '883');
INSERT INTO car_option(version, name ,id) VALUES ('0', '"alu velgen 7 spaken Design 16"""','884');
INSERT INTO pack_car_options(pack_id, car_options_id) VALUES ('33', '884');
INSERT INTO car_option(version, name ,id) VALUES ('0', 'automatische binnenspiegel dag-nacht','885');
INSERT INTO pack_car_options(pack_id, car_options_id) VALUES ('33', '885');
INSERT INTO car_option(version, name ,id) VALUES ('0', 'Xenon-lichten','886');
INSERT INTO pack_car_options(pack_id, car_options_id) VALUES ('33', '886');
INSERT INTO car_option(version, name ,id) VALUES ('0', 'Achterlichten in Led','887');
INSERT INTO pack_car_options(pack_id, car_options_id) VALUES ('33', '887');
INSERT INTO car_option(version, name ,id) VALUES ('0', 'multifunctiestuur in leder (4-spakig)','888');
INSERT INTO pack_car_options(pack_id, car_options_id) VALUES ('33', '888');
INSERT INTO car_option(version, name ,id) VALUES ('0', 'Snelheidsbegrenzer','889');
INSERT INTO pack_car_options(pack_id, car_options_id) VALUES ('33', '889');
INSERT INTO car_option(version, name ,id) VALUES ('0', 'tank 73L','890');
INSERT INTO pack_car_options(pack_id, car_options_id) VALUES ('33', '890');
INSERT INTO car_option(version, name ,id) VALUES ('0', 'bluetooth-voorbereiding zonder steun','891');
INSERT INTO pack_car_options(pack_id, car_options_id) VALUES ('33', '891');
INSERT INTO car_option(version, name ,id) VALUES ('0', 'metaalkleur (behalve Exclusive kleuren)','892');
INSERT INTO pack_car_options(pack_id, car_options_id) VALUES ('33', '892');
INSERT INTO car_option(version, name ,id) VALUES ('0', 'GPS met SD kaart','893');
INSERT INTO pack_car_options(pack_id, car_options_id) VALUES ('33', '893');
INSERT INTO car_option(version, name ,id) VALUES ('0', 'volumetrisch en perimetrisch alarm','894');
INSERT INTO pack_car_options(pack_id, car_options_id) VALUES ('33', '894');
INSERT INTO car_option(version, name ,id) VALUES ('0', 'boordcomputer monochroom','895');
INSERT INTO pack_car_options(pack_id, car_options_id) VALUES ('33', '895');
INSERT INTO car_option(version, name ,id) VALUES ('0', 'Comfortsleutel','896');
INSERT INTO pack_car_options(pack_id, car_options_id) VALUES ('33', '896');
INSERT INTO car_option(version, name ,id) VALUES ('0', 'Acoustic Parking System VR + AR','897');
INSERT INTO pack_car_options(pack_id, car_options_id) VALUES ('33', '897');
INSERT INTO car_option(version, name ,id) VALUES ('0', 'snelheidsregelaar','898');
INSERT INTO pack_car_options(pack_id, car_options_id) VALUES ('33', '898');
INSERT INTO car_option(version, name ,id) VALUES ('0', 'Audi Sound System','899');
INSERT INTO pack_car_options(pack_id, car_options_id) VALUES ('33', '899');
INSERT INTO car_option(version, name ,id) VALUES ('0', 'MMI Radio Plus','900');
INSERT INTO pack_car_options(pack_id, car_options_id) VALUES ('33', '900');
INSERT INTO car (isdeleted, id,  version, category, emission, fiscalhp, fuel_type, brand, model, pk, delivery_time, ideal_km, max_km, list_price, benefit, amount_upgrade, amount_downgrade, car_type, base_pack_id) VALUES(0,'43','0','6','114','11','DIESEL','Audi','A6 berline 2.0 tdi 136 pk','136','4','180000','200000','39108.50','217.89','3488.23','0','NORMAL','33');
INSERT INTO car_pictures(Car_id, pictures) VALUES('43','http://www.autoweek.nl/images/800/c/1f63572e28005bccb80a30e9aa0d0d4c.jpg');
INSERT INTO pack(name, price, version, id) VALUES ('Pack Intenso Plus & Lounge', '500', '0', '34');
INSERT INTO car_option(version, name ,id) VALUES ('0', 'lichtmodule','901');
INSERT INTO pack_car_options(pack_id, car_options_id) VALUES ('34', '901');
INSERT INTO car_option(version, name ,id) VALUES ('0', 'isofix-voorbereiding achteraan','902');
INSERT INTO pack_car_options(pack_id, car_options_id) VALUES ('34', '902');
INSERT INTO car_option(version, name ,id) VALUES ('0', 'licht- en regensensor','903');
INSERT INTO pack_car_options(pack_id, car_options_id) VALUES ('34', '903');
INSERT INTO car_option(version, name ,id) VALUES ('0', '"alu velgen 6 spaken 17"""','904');
INSERT INTO pack_car_options(pack_id, car_options_id) VALUES ('34', '904');
INSERT INTO car_option(version, name ,id) VALUES ('0', 'mini reservewiel','905');
INSERT INTO pack_car_options(pack_id, car_options_id) VALUES ('34', '905');
INSERT INTO car_option(version, name ,id) VALUES ('0', 'verchroomde vensteromtrek','906');
INSERT INTO pack_car_options(pack_id, car_options_id) VALUES ('34', '906');
INSERT INTO car_option(version, name ,id) VALUES ('0', 'sportophanging','907');
INSERT INTO pack_car_options(pack_id, car_options_id) VALUES ('34', '907');
INSERT INTO car_option(version, name ,id) VALUES ('0', 'bandenspanningscontrole','908');
INSERT INTO pack_car_options(pack_id, car_options_id) VALUES ('34', '908');
INSERT INTO car_option(version, name ,id) VALUES ('0', 'metaalkleur (behalve Exclusive kleuren)','909');
INSERT INTO pack_car_options(pack_id, car_options_id) VALUES ('34', '909');
INSERT INTO car_option(version, name ,id) VALUES ('0', 'GPS met harde schijf','910');
INSERT INTO pack_car_options(pack_id, car_options_id) VALUES ('34', '910');
INSERT INTO car_option(version, name ,id) VALUES ('0', 'antidiefstalbouten ','911');
INSERT INTO pack_car_options(pack_id, car_options_id) VALUES ('34', '911');
INSERT INTO car_option(version, name ,id) VALUES ('0', 'boordcomputer in kleur','912');
INSERT INTO pack_car_options(pack_id, car_options_id) VALUES ('34', '912');
INSERT INTO car_option(version, name ,id) VALUES ('0', 'Acoustic Parking System achteraan','913');
INSERT INTO pack_car_options(pack_id, car_options_id) VALUES ('34', '913');
INSERT INTO car_option(version, name ,id) VALUES ('0', 'snelheidsregelaar','914');
INSERT INTO pack_car_options(pack_id, car_options_id) VALUES ('34', '914');
INSERT INTO car_option(version, name ,id) VALUES ('0', 'volumetrisch en perimetrisch alarm','915');
INSERT INTO pack_car_options(pack_id, car_options_id) VALUES ('34', '915');
INSERT INTO car_option(version, name ,id) VALUES ('0', 'Bluetooth-connectie GSM','916');
INSERT INTO pack_car_options(pack_id, car_options_id) VALUES ('34', '916');
INSERT INTO car_option(version, name ,id) VALUES ('0', 'binnenbekleding leder Milano','917');
INSERT INTO pack_car_options(pack_id, car_options_id) VALUES ('34', '917');
INSERT INTO car_option(version, name ,id) VALUES ('0', 'verwarmde zetels vooraan','918');
INSERT INTO pack_car_options(pack_id, car_options_id) VALUES ('34', '918');
INSERT INTO car_option(version, name ,id) VALUES ('0', 'buitenspiegels elektrisch inklapbaar','919');
INSERT INTO pack_car_options(pack_id, car_options_id) VALUES ('34', '919');
INSERT INTO car_option(version, name ,id) VALUES ('0', 'automatische binnenspiegel dag-nacht','920');
INSERT INTO pack_car_options(pack_id, car_options_id) VALUES ('34', '920');
INSERT INTO car (isdeleted, id,  version, category, emission, fiscalhp, fuel_type, brand, model, pk, delivery_time, ideal_km, max_km, list_price, benefit, amount_upgrade, amount_downgrade, car_type, base_pack_id) VALUES(0,'44','0','6','118','11','DIESEL','Audi','A5 sportback 2.0 tdi 150 pk','150','4','180000','200000','38175.30','223.60','4376.24','0','NORMAL','34');
INSERT INTO car_pictures(Car_id, pictures) VALUES('44','http://carsreleasedateprice.com/wp-content/uploads/2015/08/2015-audi-a5-sportback-hd-desktop-9-abruk1.jpg');
INSERT INTO pack(name, price, version, id) VALUES ('Pack Executive & Technology', '500', '0', '35');
INSERT INTO car_option(version, name ,id) VALUES ('0', '6 airbags','921');
INSERT INTO pack_car_options(pack_id, car_options_id) VALUES ('35', '921');
INSERT INTO car_option(version, name ,id) VALUES ('0', 'ABS, ESR, ESC ','922');
INSERT INTO pack_car_options(pack_id, car_options_id) VALUES ('35', '922');
INSERT INTO car_option(version, name ,id) VALUES ('0', 'Vermoeidheidsdetectier','923');
INSERT INTO pack_car_options(pack_id, car_options_id) VALUES ('35', '923');
INSERT INTO car_option(version, name ,id) VALUES ('0', 'Gordelwaarschuwingslampje 2e rij','924');
INSERT INTO pack_car_options(pack_id, car_options_id) VALUES ('35', '924');
INSERT INTO car_option(version, name ,id) VALUES ('0', 'Isofix','925');
INSERT INTO pack_car_options(pack_id, car_options_id) VALUES ('35', '925');
INSERT INTO car_option(version, name ,id) VALUES ('0', 'Start/stop','926');
INSERT INTO pack_car_options(pack_id, car_options_id) VALUES ('35', '926');
INSERT INTO car_option(version, name ,id) VALUES ('0', 'In hoogteregelbare bestuurderszetel','927');
INSERT INTO pack_car_options(pack_id, car_options_id) VALUES ('35', '927');
INSERT INTO car_option(version, name ,id) VALUES ('0', 'Gekoeld handschoenenkastje','928');
INSERT INTO pack_car_options(pack_id, car_options_id) VALUES ('35', '928');
INSERT INTO car_option(version, name ,id) VALUES ('0', 'Electronische handrem','929');
INSERT INTO pack_car_options(pack_id, car_options_id) VALUES ('35', '929');
INSERT INTO car_option(version, name ,id) VALUES ('0', 'Boordcomputer','930');
INSERT INTO pack_car_options(pack_id, car_options_id) VALUES ('35', '930');
INSERT INTO car_option(version, name ,id) VALUES ('0', 'Zwarte dakrailing','931');
INSERT INTO pack_car_options(pack_id, car_options_id) VALUES ('35', '931');
INSERT INTO car_option(version, name ,id) VALUES ('0', '"Alu velgen 16"""','932');
INSERT INTO pack_car_options(pack_id, car_options_id) VALUES ('35', '932');
INSERT INTO car_option(version, name ,id) VALUES ('0', 'Klaptafel achter voorstoelen','933');
INSERT INTO pack_car_options(pack_id, car_options_id) VALUES ('35', '933');
INSERT INTO car_option(version, name ,id) VALUES ('0', 'Mistlichten met statische bochtverlichting','934');
INSERT INTO pack_car_options(pack_id, car_options_id) VALUES ('35', '934');
INSERT INTO car_option(version, name ,id) VALUES ('0', 'Lederen multifunctiestuur','935');
INSERT INTO pack_car_options(pack_id, car_options_id) VALUES ('35', '935');
INSERT INTO car_option(version, name ,id) VALUES ('0', 'Snelheidsregelaar','936');
INSERT INTO pack_car_options(pack_id, car_options_id) VALUES ('35', '936');
INSERT INTO car_option(version, name ,id) VALUES ('0', 'Electronische airco','937');
INSERT INTO pack_car_options(pack_id, car_options_id) VALUES ('35', '937');
INSERT INTO car_option(version, name ,id) VALUES ('0', '7 zitplaatsen','938');
INSERT INTO pack_car_options(pack_id, car_options_id) VALUES ('35', '938');
INSERT INTO car_option(version, name ,id) VALUES ('0', 'Parkeersensoren V + A','939');
INSERT INTO pack_car_options(pack_id, car_options_id) VALUES ('35', '939');
INSERT INTO car_option(version, name ,id) VALUES ('0', 'Radio/CD/GPS met Bluetooth, aux-in en USB','940');
INSERT INTO pack_car_options(pack_id, car_options_id) VALUES ('35', '940');
INSERT INTO car_option(version, name ,id) VALUES ('0', 'Achteruitrijcamera','941');
INSERT INTO pack_car_options(pack_id, car_options_id) VALUES ('35', '941');
INSERT INTO car (isdeleted, id,  version, category, emission, fiscalhp, fuel_type, brand, model, pk, delivery_time, ideal_km, max_km, list_price, benefit, amount_upgrade, amount_downgrade, car_type, base_pack_id) VALUES(0,'45','0','6','130','11','DIESEL','Seat','New Alhambra Style2.0 tdi 150 pk','150','4','140000','180000','35265.09','236.78','4827.21','0','MONOVOLUME','35');
INSERT INTO car_pictures(Car_id, pictures) VALUES('45','http://images.car.bauercdn.com/pagefiles/4162/seat_alhambra.jpg');
INSERT INTO pack(name, price, version, id) VALUES ('Pack Executive Fleet Plus', '500', '0', '36');
INSERT INTO car_option(version, name ,id) VALUES ('0', 'elektonische klimaatregeling 2 zones','942');
INSERT INTO pack_car_options(pack_id, car_options_id) VALUES ('36', '942');
INSERT INTO car_option(version, name ,id) VALUES ('0', 'isofix-voorbereiding achteraan','943');
INSERT INTO pack_car_options(pack_id, car_options_id) VALUES ('36', '943');
INSERT INTO car_option(version, name ,id) VALUES ('0', 'Tyre Mobility System','944');
INSERT INTO pack_car_options(pack_id, car_options_id) VALUES ('36', '944');
INSERT INTO car_option(version, name ,id) VALUES ('0', 'ABS','945');
INSERT INTO pack_car_options(pack_id, car_options_id) VALUES ('36', '945');
INSERT INTO car_option(version, name ,id) VALUES ('0', 'ESC tractiecontrole','946');
INSERT INTO pack_car_options(pack_id, car_options_id) VALUES ('36', '946');
INSERT INTO car_option(version, name ,id) VALUES ('0', 'Audi Drive Select','947');
INSERT INTO pack_car_options(pack_id, car_options_id) VALUES ('36', '947');
INSERT INTO car_option(version, name ,id) VALUES ('0', 'licht- en regensensor','948');
INSERT INTO pack_car_options(pack_id, car_options_id) VALUES ('36', '948');
INSERT INTO car_option(version, name ,id) VALUES ('0', 'bandenspanningscontrole','949');
INSERT INTO pack_car_options(pack_id, car_options_id) VALUES ('36', '949');
INSERT INTO car_option(version, name ,id) VALUES ('0', '"alu velgen 7 spaken Design 16"""','950');
INSERT INTO pack_car_options(pack_id, car_options_id) VALUES ('36', '950');
INSERT INTO car_option(version, name ,id) VALUES ('0', 'automatische binnenspiegel dag-nacht','951');
INSERT INTO pack_car_options(pack_id, car_options_id) VALUES ('36', '951');
INSERT INTO car_option(version, name ,id) VALUES ('0', 'Xenon-lichten','952');
INSERT INTO pack_car_options(pack_id, car_options_id) VALUES ('36', '952');
INSERT INTO car_option(version, name ,id) VALUES ('0', 'Achterlichten in Led','953');
INSERT INTO pack_car_options(pack_id, car_options_id) VALUES ('36', '953');
INSERT INTO car_option(version, name ,id) VALUES ('0', 'multifunctiestuur in leder (4-spakig)','954');
INSERT INTO pack_car_options(pack_id, car_options_id) VALUES ('36', '954');
INSERT INTO car_option(version, name ,id) VALUES ('0', 'Snelheidsbegrenzer','955');
INSERT INTO pack_car_options(pack_id, car_options_id) VALUES ('36', '955');
INSERT INTO car_option(version, name ,id) VALUES ('0', 'tank 73L','956');
INSERT INTO pack_car_options(pack_id, car_options_id) VALUES ('36', '956');
INSERT INTO car_option(version, name ,id) VALUES ('0', 'bluetooth-voorbereiding zonder steun','957');
INSERT INTO pack_car_options(pack_id, car_options_id) VALUES ('36', '957');
INSERT INTO car_option(version, name ,id) VALUES ('0', 'metaalkleur (behalve Exclusive kleuren)','958');
INSERT INTO pack_car_options(pack_id, car_options_id) VALUES ('36', '958');
INSERT INTO car_option(version, name ,id) VALUES ('0', 'GPS met SD kaart','959');
INSERT INTO pack_car_options(pack_id, car_options_id) VALUES ('36', '959');
INSERT INTO car_option(version, name ,id) VALUES ('0', 'volumetrisch en perimetrisch alarm','960');
INSERT INTO pack_car_options(pack_id, car_options_id) VALUES ('36', '960');
INSERT INTO car_option(version, name ,id) VALUES ('0', 'boordcomputer monochroom','961');
INSERT INTO pack_car_options(pack_id, car_options_id) VALUES ('36', '961');
INSERT INTO car_option(version, name ,id) VALUES ('0', 'Comfortsleutel','962');
INSERT INTO pack_car_options(pack_id, car_options_id) VALUES ('36', '962');
INSERT INTO car_option(version, name ,id) VALUES ('0', 'Acoustic Parking System VR + AR','963');
INSERT INTO pack_car_options(pack_id, car_options_id) VALUES ('36', '963');
INSERT INTO car_option(version, name ,id) VALUES ('0', 'snelheidsregelaar','964');
INSERT INTO pack_car_options(pack_id, car_options_id) VALUES ('36', '964');
INSERT INTO car_option(version, name ,id) VALUES ('0', 'Audi Sound System','965');
INSERT INTO pack_car_options(pack_id, car_options_id) VALUES ('36', '965');
INSERT INTO car_option(version, name ,id) VALUES ('0', 'MMI Radio Plus','966');
INSERT INTO pack_car_options(pack_id, car_options_id) VALUES ('36', '966');
INSERT INTO car (isdeleted, id,  version, category, emission, fiscalhp, fuel_type, brand, model, pk, delivery_time, ideal_km, max_km, list_price, benefit, amount_upgrade, amount_downgrade, car_type, base_pack_id) VALUES(0,'46','0','6','118','11','DIESEL','Audi','A6 avant 2.0 tdi 136 pk','136','4','180000','200000','41159.30','241.08','5689.32','0','BREAK','36');
INSERT INTO car_pictures(Car_id, pictures) VALUES('46','http://s1.cdn.autoevolution.com/images/gallery/AUDIA6Avant-4495_2.jpg');
INSERT INTO pack(name, price, version, id) VALUES ('Pack Executive & Technology', '500', '0', '37');
INSERT INTO car_option(version, name ,id) VALUES ('0', '6 airbags','967');
INSERT INTO pack_car_options(pack_id, car_options_id) VALUES ('37', '967');
INSERT INTO car_option(version, name ,id) VALUES ('0', 'ABS, ESR, ESC ','968');
INSERT INTO pack_car_options(pack_id, car_options_id) VALUES ('37', '968');
INSERT INTO car_option(version, name ,id) VALUES ('0', 'Vermoeidheidsdetectier','969');
INSERT INTO pack_car_options(pack_id, car_options_id) VALUES ('37', '969');
INSERT INTO car_option(version, name ,id) VALUES ('0', 'Gordelwaarschuwingslampje 2e rij','970');
INSERT INTO pack_car_options(pack_id, car_options_id) VALUES ('37', '970');
INSERT INTO car_option(version, name ,id) VALUES ('0', 'Isofix','971');
INSERT INTO pack_car_options(pack_id, car_options_id) VALUES ('37', '971');
INSERT INTO car_option(version, name ,id) VALUES ('0', 'Start/stop','972');
INSERT INTO pack_car_options(pack_id, car_options_id) VALUES ('37', '972');
INSERT INTO car_option(version, name ,id) VALUES ('0', 'In hoogteregelbare bestuurderszetel','973');
INSERT INTO pack_car_options(pack_id, car_options_id) VALUES ('37', '973');
INSERT INTO car_option(version, name ,id) VALUES ('0', 'Gekoeld handschoenenkastje','974');
INSERT INTO pack_car_options(pack_id, car_options_id) VALUES ('37', '974');
INSERT INTO car_option(version, name ,id) VALUES ('0', 'Electronische handrem','975');
INSERT INTO pack_car_options(pack_id, car_options_id) VALUES ('37', '975');
INSERT INTO car_option(version, name ,id) VALUES ('0', 'Boordcomputer','976');
INSERT INTO pack_car_options(pack_id, car_options_id) VALUES ('37', '976');
INSERT INTO car_option(version, name ,id) VALUES ('0', 'Zwarte dakrailing','977');
INSERT INTO pack_car_options(pack_id, car_options_id) VALUES ('37', '977');
INSERT INTO car_option(version, name ,id) VALUES ('0', '"Alu velgen 16"""','978');
INSERT INTO pack_car_options(pack_id, car_options_id) VALUES ('37', '978');
INSERT INTO car_option(version, name ,id) VALUES ('0', 'Klaptafel achter voorstoelen','979');
INSERT INTO pack_car_options(pack_id, car_options_id) VALUES ('37', '979');
INSERT INTO car_option(version, name ,id) VALUES ('0', 'Mistlichten met statische bochtverlichting','980');
INSERT INTO pack_car_options(pack_id, car_options_id) VALUES ('37', '980');
INSERT INTO car_option(version, name ,id) VALUES ('0', 'Lederen multifunctiestuur','981');
INSERT INTO pack_car_options(pack_id, car_options_id) VALUES ('37', '981');
INSERT INTO car_option(version, name ,id) VALUES ('0', 'Snelheidsregelaar','982');
INSERT INTO pack_car_options(pack_id, car_options_id) VALUES ('37', '982');
INSERT INTO car_option(version, name ,id) VALUES ('0', 'Electronische airco','983');
INSERT INTO pack_car_options(pack_id, car_options_id) VALUES ('37', '983');
INSERT INTO car_option(version, name ,id) VALUES ('0', '7 zitplaatsen','984');
INSERT INTO pack_car_options(pack_id, car_options_id) VALUES ('37', '984');
INSERT INTO car_option(version, name ,id) VALUES ('0', 'Parkeersensoren V + A','985');
INSERT INTO pack_car_options(pack_id, car_options_id) VALUES ('37', '985');
INSERT INTO car_option(version, name ,id) VALUES ('0', 'Radio/CD/GPS met Bluetooth, aux-in en USB','986');
INSERT INTO pack_car_options(pack_id, car_options_id) VALUES ('37', '986');
INSERT INTO car_option(version, name ,id) VALUES ('0', 'Achteruitrijcamera','987');
INSERT INTO pack_car_options(pack_id, car_options_id) VALUES ('37', '987');
INSERT INTO car (isdeleted, id,  version, category, emission, fiscalhp, fuel_type, brand, model, pk, delivery_time, ideal_km, max_km, list_price, benefit, amount_upgrade, amount_downgrade, car_type, base_pack_id) VALUES(0,'47','0','7','130','11','DIESEL','Seat','New Alhambra Style2.0 tdi 150 pk','150','4','140000','180000','35862.03','240.79','528.28','0','MONOVOLUME','37');
INSERT INTO car_pictures(Car_id, pictures) VALUES('47','http://images.car.bauercdn.com/pagefiles/4162/seat_alhambra.jpg');
INSERT INTO pack(name, price, version, id) VALUES ('Pack Executive Fleet Plus & Lounge', '500', '0', '38');
INSERT INTO car_option(version, name ,id) VALUES ('0', 'elektonische klimaatregeling 2 zones','988');
INSERT INTO pack_car_options(pack_id, car_options_id) VALUES ('38', '988');
INSERT INTO car_option(version, name ,id) VALUES ('0', 'isofix-voorbereiding achteraan','989');
INSERT INTO pack_car_options(pack_id, car_options_id) VALUES ('38', '989');
INSERT INTO car_option(version, name ,id) VALUES ('0', 'Tyre Mobility System','990');
INSERT INTO pack_car_options(pack_id, car_options_id) VALUES ('38', '990');
INSERT INTO car_option(version, name ,id) VALUES ('0', 'Audi Drive Select','991');
INSERT INTO pack_car_options(pack_id, car_options_id) VALUES ('38', '991');
INSERT INTO car_option(version, name ,id) VALUES ('0', 'licht- en regensensor','992');
INSERT INTO pack_car_options(pack_id, car_options_id) VALUES ('38', '992');
INSERT INTO car_option(version, name ,id) VALUES ('0', '"alu velgen 7 spaken Design 16"""','993');
INSERT INTO pack_car_options(pack_id, car_options_id) VALUES ('38', '993');
INSERT INTO car_option(version, name ,id) VALUES ('0', 'automatische binnenspiegel dag-nacht','994');
INSERT INTO pack_car_options(pack_id, car_options_id) VALUES ('38', '994');
INSERT INTO car_option(version, name ,id) VALUES ('0', 'Xenon-lichten','995');
INSERT INTO pack_car_options(pack_id, car_options_id) VALUES ('38', '995');
INSERT INTO car_option(version, name ,id) VALUES ('0', 'Achterlichten in Led','996');
INSERT INTO pack_car_options(pack_id, car_options_id) VALUES ('38', '996');
INSERT INTO car_option(version, name ,id) VALUES ('0', 'multifunctiestuur in leder (4-spakig)','997');
INSERT INTO pack_car_options(pack_id, car_options_id) VALUES ('38', '997');
INSERT INTO car_option(version, name ,id) VALUES ('0', 'Snelheidsbegrenzer','998');
INSERT INTO pack_car_options(pack_id, car_options_id) VALUES ('38', '998');
INSERT INTO car_option(version, name ,id) VALUES ('0', 'tank 73L','999');
INSERT INTO pack_car_options(pack_id, car_options_id) VALUES ('38', '999');
INSERT INTO car_option(version, name ,id) VALUES ('0', 'bluetooth-voorbereiding zonder steun','1000');
INSERT INTO pack_car_options(pack_id, car_options_id) VALUES ('38', '1000');
INSERT INTO car_option(version, name ,id) VALUES ('0', 'metaalkleur (behalve Exclusive kleuren)','1001');
INSERT INTO pack_car_options(pack_id, car_options_id) VALUES ('38', '1001');
INSERT INTO car_option(version, name ,id) VALUES ('0', 'GPS met SD kaart','1002');
INSERT INTO pack_car_options(pack_id, car_options_id) VALUES ('38', '1002');
INSERT INTO car_option(version, name ,id) VALUES ('0', 'volumetrisch en perimetrisch alarm','1003');
INSERT INTO pack_car_options(pack_id, car_options_id) VALUES ('38', '1003');
INSERT INTO car_option(version, name ,id) VALUES ('0', 'boordcomputer monochroom','1004');
INSERT INTO pack_car_options(pack_id, car_options_id) VALUES ('38', '1004');
INSERT INTO car_option(version, name ,id) VALUES ('0', 'Comfortsleutel','1005');
INSERT INTO pack_car_options(pack_id, car_options_id) VALUES ('38', '1005');
INSERT INTO car_option(version, name ,id) VALUES ('0', 'Acoustic Parking System VR + AR','1006');
INSERT INTO pack_car_options(pack_id, car_options_id) VALUES ('38', '1006');
INSERT INTO car_option(version, name ,id) VALUES ('0', 'snelheidsregelaar','1007');
INSERT INTO pack_car_options(pack_id, car_options_id) VALUES ('38', '1007');
INSERT INTO car_option(version, name ,id) VALUES ('0', 'Audi Sound System','1008');
INSERT INTO pack_car_options(pack_id, car_options_id) VALUES ('38', '1008');
INSERT INTO car_option(version, name ,id) VALUES ('0', 'MMI Radio Plus','1009');
INSERT INTO pack_car_options(pack_id, car_options_id) VALUES ('38', '1009');
INSERT INTO car_option(version, name ,id) VALUES ('0', 'Lichtmodule','1010');
INSERT INTO pack_car_options(pack_id, car_options_id) VALUES ('38', '1010');
INSERT INTO car_option(version, name ,id) VALUES ('0', 'binnenbekleding leder Milano','1011');
INSERT INTO pack_car_options(pack_id, car_options_id) VALUES ('38', '1011');
INSERT INTO car_option(version, name ,id) VALUES ('0', 'verwarmde zetels vooraan','1012');
INSERT INTO pack_car_options(pack_id, car_options_id) VALUES ('38', '1012');
INSERT INTO car_option(version, name ,id) VALUES ('0', 'buitenspiegels elektrisch inklapbaar','1013');
INSERT INTO pack_car_options(pack_id, car_options_id) VALUES ('38', '1013');
INSERT INTO car_option(version, name ,id) VALUES ('0', 'elektrisch openen en sluiten van de koffer','1014');
INSERT INTO pack_car_options(pack_id, car_options_id) VALUES ('38', '1014');
INSERT INTO car_option(version, name ,id) VALUES ('0', 'lendensteunregeling vooraan','1015');
INSERT INTO pack_car_options(pack_id, car_options_id) VALUES ('38', '1015');
INSERT INTO car (isdeleted, id,  version, category, emission, fiscalhp, fuel_type, brand, model, pk, delivery_time, ideal_km, max_km, list_price, benefit, amount_upgrade, amount_downgrade, car_type, base_pack_id) VALUES(0,'48','0','7','114','11','DIESEL','Audi','A6 berline 2.0 tdi 150 pk','150','4','180000','200000','43328.04','241.40','1090.44','0','NORMAL','38');
INSERT INTO car_pictures(Car_id, pictures) VALUES('48','http://s1.cdn.autoevolution.com/images/gallery/AUDIA6Avant-4495_2.jpg');
INSERT INTO pack(name, price, version, id) VALUES ('Pack Executive Plus & Lounge', '500', '0', '39');
INSERT INTO car_option(version, name ,id) VALUES ('0', 'elektonische klimaatregeling 2 zones','1016');
INSERT INTO pack_car_options(pack_id, car_options_id) VALUES ('39', '1016');
INSERT INTO car_option(version, name ,id) VALUES ('0', 'isofix-voorbereiding achteraan','1017');
INSERT INTO pack_car_options(pack_id, car_options_id) VALUES ('39', '1017');
INSERT INTO car_option(version, name ,id) VALUES ('0', 'Tyre Mobility System','1018');
INSERT INTO pack_car_options(pack_id, car_options_id) VALUES ('39', '1018');
INSERT INTO car_option(version, name ,id) VALUES ('0', 'Audi Drive Select','1019');
INSERT INTO pack_car_options(pack_id, car_options_id) VALUES ('39', '1019');
INSERT INTO car_option(version, name ,id) VALUES ('0', 'licht- en regensensor','1020');
INSERT INTO pack_car_options(pack_id, car_options_id) VALUES ('39', '1020');
INSERT INTO car_option(version, name ,id) VALUES ('0', '"alu velgen 7 spaken Design 16"""','1021');
INSERT INTO pack_car_options(pack_id, car_options_id) VALUES ('39', '1021');
INSERT INTO car_option(version, name ,id) VALUES ('0', 'automatische binnenspiegel dag-nacht','1022');
INSERT INTO pack_car_options(pack_id, car_options_id) VALUES ('39', '1022');
INSERT INTO car_option(version, name ,id) VALUES ('0', 'Xenon-lichten','1023');
INSERT INTO pack_car_options(pack_id, car_options_id) VALUES ('39', '1023');
INSERT INTO car_option(version, name ,id) VALUES ('0', 'Achterlichten in Led','1024');
INSERT INTO pack_car_options(pack_id, car_options_id) VALUES ('39', '1024');
INSERT INTO car_option(version, name ,id) VALUES ('0', 'multifunctiestuur in leder (4-spakig)','1025');
INSERT INTO pack_car_options(pack_id, car_options_id) VALUES ('39', '1025');
INSERT INTO car_option(version, name ,id) VALUES ('0', 'Snelheidsbegrenzer','1026');
INSERT INTO pack_car_options(pack_id, car_options_id) VALUES ('39', '1026');
INSERT INTO car_option(version, name ,id) VALUES ('0', 'tank 73L','1027');
INSERT INTO pack_car_options(pack_id, car_options_id) VALUES ('39', '1027');
INSERT INTO car_option(version, name ,id) VALUES ('0', 'bluetooth-voorbereiding zonder steun','1028');
INSERT INTO pack_car_options(pack_id, car_options_id) VALUES ('39', '1028');
INSERT INTO car_option(version, name ,id) VALUES ('0', 'metaalkleur (behalve Exclusive kleuren)','1029');
INSERT INTO pack_car_options(pack_id, car_options_id) VALUES ('39', '1029');
INSERT INTO car_option(version, name ,id) VALUES ('0', 'GPS met SD kaart','1030');
INSERT INTO pack_car_options(pack_id, car_options_id) VALUES ('39', '1030');
INSERT INTO car_option(version, name ,id) VALUES ('0', 'volumetrisch en perimetrisch alarm','1031');
INSERT INTO pack_car_options(pack_id, car_options_id) VALUES ('39', '1031');
INSERT INTO car_option(version, name ,id) VALUES ('0', 'boordcomputer monochroom','1032');
INSERT INTO pack_car_options(pack_id, car_options_id) VALUES ('39', '1032');
INSERT INTO car_option(version, name ,id) VALUES ('0', 'Comfortsleutel','1033');
INSERT INTO pack_car_options(pack_id, car_options_id) VALUES ('39', '1033');
INSERT INTO car_option(version, name ,id) VALUES ('0', 'Acoustic Parking System VR + AR','1034');
INSERT INTO pack_car_options(pack_id, car_options_id) VALUES ('39', '1034');
INSERT INTO car_option(version, name ,id) VALUES ('0', 'snelheidsregelaar','1035');
INSERT INTO pack_car_options(pack_id, car_options_id) VALUES ('39', '1035');
INSERT INTO car_option(version, name ,id) VALUES ('0', 'Audi Sound System','1036');
INSERT INTO pack_car_options(pack_id, car_options_id) VALUES ('39', '1036');
INSERT INTO car_option(version, name ,id) VALUES ('0', 'MMI Radio Plus','1037');
INSERT INTO pack_car_options(pack_id, car_options_id) VALUES ('39', '1037');
INSERT INTO car_option(version, name ,id) VALUES ('0', 'Lichtmodule','1038');
INSERT INTO pack_car_options(pack_id, car_options_id) VALUES ('39', '1038');
INSERT INTO car_option(version, name ,id) VALUES ('0', 'binnenbekleding leder Milano','1039');
INSERT INTO pack_car_options(pack_id, car_options_id) VALUES ('39', '1039');
INSERT INTO car_option(version, name ,id) VALUES ('0', 'verwarmde zetels vooraan','1040');
INSERT INTO pack_car_options(pack_id, car_options_id) VALUES ('39', '1040');
INSERT INTO car_option(version, name ,id) VALUES ('0', 'buitenspiegels elektrisch inklapbaar','1041');
INSERT INTO pack_car_options(pack_id, car_options_id) VALUES ('39', '1041');
INSERT INTO car_option(version, name ,id) VALUES ('0', 'elektrisch openen en sluiten van de koffer','1042');
INSERT INTO pack_car_options(pack_id, car_options_id) VALUES ('39', '1042');
INSERT INTO car_option(version, name ,id) VALUES ('0', 'lendensteunregeling vooraan','1043');
INSERT INTO pack_car_options(pack_id, car_options_id) VALUES ('39', '1043');
INSERT INTO car (isdeleted, id,  version, category, emission, fiscalhp, fuel_type, brand, model, pk, delivery_time, ideal_km, max_km, list_price, benefit, amount_upgrade, amount_downgrade, car_type, base_pack_id) VALUES(0,'49','0','7','114','11','DIESEL','Audi','A6 berline 2.0 tdi 190 pk','190','4','180000','200000','45574.16','253.91','3985.73','0','NORMAL','39');
INSERT INTO car_pictures(Car_id, pictures) VALUES('49','http://s1.cdn.autoevolution.com/images/gallery/AUDIA6Avant-4495_2.jpg');
INSERT INTO pack(name, price, version, id) VALUES ('Pack Executive Plus & Lounge', '500', '0', '40');
INSERT INTO car_option(version, name ,id) VALUES ('0', 'elektonische klimaatregeling 2 zones','1044');
INSERT INTO pack_car_options(pack_id, car_options_id) VALUES ('40', '1044');
INSERT INTO car_option(version, name ,id) VALUES ('0', 'isofix-voorbereiding achteraan','1045');
INSERT INTO pack_car_options(pack_id, car_options_id) VALUES ('40', '1045');
INSERT INTO car_option(version, name ,id) VALUES ('0', 'Tyre Mobility System','1046');
INSERT INTO pack_car_options(pack_id, car_options_id) VALUES ('40', '1046');
INSERT INTO car_option(version, name ,id) VALUES ('0', 'Audi Drive Select','1047');
INSERT INTO pack_car_options(pack_id, car_options_id) VALUES ('40', '1047');
INSERT INTO car_option(version, name ,id) VALUES ('0', 'licht- en regensensor','1048');
INSERT INTO pack_car_options(pack_id, car_options_id) VALUES ('40', '1048');
INSERT INTO car_option(version, name ,id) VALUES ('0', '"alu velgen 7 spaken Design 16"""','1049');
INSERT INTO pack_car_options(pack_id, car_options_id) VALUES ('40', '1049');
INSERT INTO car_option(version, name ,id) VALUES ('0', 'automatische binnenspiegel dag-nacht','1050');
INSERT INTO pack_car_options(pack_id, car_options_id) VALUES ('40', '1050');
INSERT INTO car_option(version, name ,id) VALUES ('0', 'Xenon-lichten','1051');
INSERT INTO pack_car_options(pack_id, car_options_id) VALUES ('40', '1051');
INSERT INTO car_option(version, name ,id) VALUES ('0', 'Achterlichten in Led','1052');
INSERT INTO pack_car_options(pack_id, car_options_id) VALUES ('40', '1052');
INSERT INTO car_option(version, name ,id) VALUES ('0', 'multifunctiestuur in leder (4-spakig)','1053');
INSERT INTO pack_car_options(pack_id, car_options_id) VALUES ('40', '1053');
INSERT INTO car_option(version, name ,id) VALUES ('0', 'Snelheidsbegrenzer','1054');
INSERT INTO pack_car_options(pack_id, car_options_id) VALUES ('40', '1054');
INSERT INTO car_option(version, name ,id) VALUES ('0', 'tank 73L','1055');
INSERT INTO pack_car_options(pack_id, car_options_id) VALUES ('40', '1055');
INSERT INTO car_option(version, name ,id) VALUES ('0', 'bluetooth-voorbereiding zonder steun','1056');
INSERT INTO pack_car_options(pack_id, car_options_id) VALUES ('40', '1056');
INSERT INTO car_option(version, name ,id) VALUES ('0', 'metaalkleur (behalve Exclusive kleuren)','1057');
INSERT INTO pack_car_options(pack_id, car_options_id) VALUES ('40', '1057');
INSERT INTO car_option(version, name ,id) VALUES ('0', 'GPS met SD kaart','1058');
INSERT INTO pack_car_options(pack_id, car_options_id) VALUES ('40', '1058');
INSERT INTO car_option(version, name ,id) VALUES ('0', 'volumetrisch en perimetrisch alarm','1059');
INSERT INTO pack_car_options(pack_id, car_options_id) VALUES ('40', '1059');
INSERT INTO car_option(version, name ,id) VALUES ('0', 'boordcomputer monochroom','1060');
INSERT INTO pack_car_options(pack_id, car_options_id) VALUES ('40', '1060');
INSERT INTO car_option(version, name ,id) VALUES ('0', 'Comfortsleutel','1061');
INSERT INTO pack_car_options(pack_id, car_options_id) VALUES ('40', '1061');
INSERT INTO car_option(version, name ,id) VALUES ('0', 'Acoustic Parking System VR + AR','1062');
INSERT INTO pack_car_options(pack_id, car_options_id) VALUES ('40', '1062');
INSERT INTO car_option(version, name ,id) VALUES ('0', 'snelheidsregelaar','1063');
INSERT INTO pack_car_options(pack_id, car_options_id) VALUES ('40', '1063');
INSERT INTO car_option(version, name ,id) VALUES ('0', 'Audi Sound System','1064');
INSERT INTO pack_car_options(pack_id, car_options_id) VALUES ('40', '1064');
INSERT INTO car_option(version, name ,id) VALUES ('0', 'MMI Radio Plus','1065');
INSERT INTO pack_car_options(pack_id, car_options_id) VALUES ('40', '1065');
INSERT INTO car_option(version, name ,id) VALUES ('0', 'Lichtmodule','1066');
INSERT INTO pack_car_options(pack_id, car_options_id) VALUES ('40', '1066');
INSERT INTO car_option(version, name ,id) VALUES ('0', 'binnenbekleding leder Milano','1067');
INSERT INTO pack_car_options(pack_id, car_options_id) VALUES ('40', '1067');
INSERT INTO car_option(version, name ,id) VALUES ('0', 'verwarmde zetels vooraan','1068');
INSERT INTO pack_car_options(pack_id, car_options_id) VALUES ('40', '1068');
INSERT INTO car_option(version, name ,id) VALUES ('0', 'buitenspiegels elektrisch inklapbaar','1069');
INSERT INTO pack_car_options(pack_id, car_options_id) VALUES ('40', '1069');
INSERT INTO car_option(version, name ,id) VALUES ('0', 'elektrisch openen en sluiten van de koffer','1070');
INSERT INTO pack_car_options(pack_id, car_options_id) VALUES ('40', '1070');
INSERT INTO car_option(version, name ,id) VALUES ('0', 'lendensteunregeling vooraan','1071');
INSERT INTO pack_car_options(pack_id, car_options_id) VALUES ('40', '1071');
INSERT INTO car_option(version, name ,id) VALUES ('0', 'isofix passagierszetel + desactivering airbag','1072');
INSERT INTO pack_car_options(pack_id, car_options_id) VALUES ('40', '1072');
INSERT INTO car_option(version, name ,id) VALUES ('0', 'buitenspiegels elektrisch inklapbaar','1073');
INSERT INTO pack_car_options(pack_id, car_options_id) VALUES ('40', '1073');
INSERT INTO car_option(version, name ,id) VALUES ('0', 'elektrisch openen en sluiten van de koffer','1074');
INSERT INTO pack_car_options(pack_id, car_options_id) VALUES ('40', '1074');
INSERT INTO car_option(version, name ,id) VALUES ('0', 'lendensteunregeling vooraan','1075');
INSERT INTO pack_car_options(pack_id, car_options_id) VALUES ('40', '1075');
INSERT INTO car (isdeleted, id,  version, category, emission, fiscalhp, fuel_type, brand, model, pk, delivery_time, ideal_km, max_km, list_price, benefit, amount_upgrade, amount_downgrade, car_type, base_pack_id) VALUES(0,'50','0','7','118','11','DIESEL','Audi','A6 avant 2.0 tdi 150 pk','150','4','180000','200000','45378.84','265.79','3464.29','0','BREAK','40');
INSERT INTO car_pictures(Car_id, pictures) VALUES('50','http://s1.cdn.autoevolution.com/images/gallery/AUDIA6Avant-4495_2.jpg');







INSERT INTO employee(version, email, functional_level, name, password, role, permission_to_order_new_car, in_service_date) VALUES ('1','jeroen@skynet.be', '2', 'Jeroen Van Den Haute', '$2a$10$v8Y.TvnxrqZCfIScuzNchesRzpYAAfM1yfHGuW50l/qpWqLd9NERe', 'ROLE_FLEET', false, '2015-09-01');
INSERT INTO employee(version, email, functional_level, name, password, role, permission_to_order_new_car, in_service_date) VALUES ('1','r.dhaese92@gmail.com', '4', 'Robin D''Haese', '$2a$10$2SfKBifGwHep6e5y79KDJOjfgq3CmLdsyoh44MEmYPiWFvevmbfmq', 'ROLE_FLEET', false, '2015-09-01');

INSERT INTO car_option(description, name) VALUES ('GPS van tomtom', 'GPS');
INSERT INTO car_option(description, name) VALUES ('achterlichten in LED-techniek', 'LED achterlichten');
INSERT INTO car_option(name) VALUES ('Cruise control');
INSERT INTO car_option(description, name) VALUES ('Stevige rails op het dak', 'Dakrails');
INSERT INTO car_option(description, name) VALUES ('Robuust en onmisbaar', 'Trekhaak');
INSERT INTO car_option(name) VALUES ('Automaat');
INSERT INTO car_option(name) VALUES ('7-zits');
INSERT INTO car_option(description, name) VALUES ('indien mogelijkheid voorzien door constructeur', 'Volwaardig reservewiel');
INSERT INTO car_option(name) VALUES ('Parkeersensoren');
INSERT INTO car_option(description, name) VALUES ('100 procent het beste leer', 'lederen intereur');
INSERT INTO car_option(description, name) VALUES ('Enkel Vooraan', 'Verwarmde zetels');
INSERT INTO car_option(description, name) VALUES ('Onherkenbaarheid is verzekerd', 'Getinte ruiten');


INSERT INTO pack(name, price, version) VALUES ('Pack Business @ GPS Discover Media', '299', '0');
INSERT INTO pack(name, price, version) VALUES ('Pack Business gps rns315 / pre gsm', '399', '0');
INSERT INTO pack(name, price, version) VALUES ('Business Media Pack', '255', '0');

INSERT INTO pack_car_options(pack_id, car_options_id) VALUES ('1', '4');
INSERT INTO pack_car_options(pack_id, car_options_id) VALUES ('1', '5');
INSERT INTO pack_car_options(pack_id, car_options_id) VALUES ('2', '6');
INSERT INTO pack_car_options(pack_id, car_options_id) VALUES ('2', '7');
INSERT INTO pack_car_options(pack_id, car_options_id) VALUES ('2', '8');
INSERT INTO pack_car_options(pack_id, car_options_id) VALUES ('2', '9');

INSERT INTO car (id,  version, amount_downgrade, amount_upgrade, benefit, brand, car_type, category, delivery_time, emission, fiscalhp, fuel_type, ideal_km, list_price, max_km, model, pk, base_pack_id) VALUES ('1',  '0', '2000', '2000', '200', 'Audi', 'NORMAL', '4', '3', '80', '125', 'DIESEL', '120000', '40000', '150000', 'A4', '125', 1);
INSERT INTO car (id,  version, amount_downgrade, amount_upgrade, benefit, brand, car_type, category, delivery_time, emission, fiscalhp, fuel_type, ideal_km, list_price, max_km, model, pk, base_pack_id) VALUES ('2',  '1', '2000', '2000', '200', 'Audi', 'NORMAL', '3', '3', '80', '125', 'DIESEL', '120000', '40000', '150000', 'A3', '125', 2);
INSERT INTO car (id,  version, amount_downgrade, amount_upgrade, benefit, brand, car_type, category, delivery_time, emission, fiscalhp, fuel_type, ideal_km, list_price, max_km, model, pk, base_pack_id) VALUES ('3', '0', '2000', '2000', '200', 'Passat', 'NORMAL', '5', '3', '80', '125', 'DIESEL', '120000', '40000', '150000', 'Berline', '125', 3);

INSERT INTO car_pictures(car_id, pictures) VALUES ('1', 'http://media.caranddriver.com/images/15q2/657945/2017-audi-a4-official-photos-and-info-news-car-and-driver-photo-659636-s-429x262.jpg');
INSERT INTO car_pictures(car_id, pictures) VALUES ('2', 'http://www.larevueautomobile.com/images/Audi/A4/Exterieur/Audi_A4_001.jpg');
INSERT INTO car_pictures(car_id, pictures) VALUES ('3', 'http://www.garagethoen.be/media/126610/passat-berline.jpg');

INSERT INTO car_extra_packs(car_id, extra_packs_id) VALUES ('1','2');
INSERT INTO car_extra_packs(car_id, extra_packs_id) VALUES ('2','3');
INSERT INTO car_extra_packs(car_id, extra_packs_id) VALUES ('2','1');

INSERT INTO car_extra_options(car_id, extra_options_id) VALUES ('1','10');
INSERT INTO car_extra_options(car_id, extra_options_id) VALUES ('1','11');
INSERT INTO car_extra_options(car_id, extra_options_id) VALUES ('1','12');

INSERT INTO ordered_car (id, version, color, price, car_id) VALUES ('1', '1', 'Black', '5000', '1');

INSERT INTO ordered_car_options (ordered_car_id, options_id) VALUES ('1', '1');

INSERT INTO ordered_car_packs (ordered_car_id, packs_id) VALUES ('1', '1');

INSERT INTO car_usage(id,version,initial_end_date,order_date,start_date,ordered_car_id) VALUES ('1', '0', '2019-11-02', '2015-11-03', '2016-02-04', '1')

INSERT INTO periodic_usage_update (id,version,update_date,new_total_km,total_fuelled_for_period, total_fuel_price)VALUES('1', '0', '2016-02-04', '1', 0, 0);
INSERT INTO periodic_usage_update (id,version,update_date,new_total_km,total_fuelled_for_period, total_fuel_price)VALUES('2', '0', '2016-02-11', '10', 0, 0);

INSERT INTO car_usage_usage_updates (car_usage_id, usage_updates_id) VALUES ('1', '1');
INSERT INTO car_usage_usage_updates (car_usage_id, usage_updates_id) VALUES ('1', '2');
